keyword_id,content,subject
1,掌握,化学
2,化学实验,化学
3,基本操作,化学
4,了解,化学
5,化学实验室,化学
6,识别,化学
7,预防,化学
8,仪器,化学
9,实验室,化学
10,事故,化学
11,复习,化学
12,化学品,化学
13,石棉网,化学
14,加热,化学
15,垫,化学
16,加热仪器,化学
17,晶体,化学
18,液体,化学
19,蒸发,化学
20,搅拌,化学
21,用,化学
22,停止,化学
23,容积,化学
24,玻璃棒,化学
25,析出,化学
26,体积,化学
27,用于,化学
28,浓缩,化学
29,溶液,化学
30,蒸发皿,化学
31,超过,化学
32,网上,化学
33,灼烧,化学
34,坩埚,化学
35,使用,化学
36,三脚架,化学
37,物质,化学
38,上,化学
39,放在,化学
40,石棉,化学
41,取,化学
42,泥,化学
43,放,化学
44,冷却,化学
45,三角,化学
46,坩埚钳,化学
47,固体,化学
48,反应,化学
49,组装,化学
50,圆底烧瓶,化学
51,混合,化学
52,蒸馏,化学
53,分馏,化学
54,参与,化学
55,反应器,化学
56,蒸馏烧瓶,化学
57,操作,化学
58,蒸馏装置,化学
59,作,化学
60,锥形瓶,化学
61,气体发生器,化学
62,滴定,化学
63,接收器,化学
64,药品,化学
65,加热装置,化学
66,溶解,化学
67,稀释,化学
68,烧杯,化学
69,称量,化学
70,颈,化学
71,烧瓶,化学
72,分,化学
73,分离,化学
74,液体混合物,化学
75,漏斗,化学
76,冷凝管,化学
77,用作,化学
78,提纯,化学
79,液,化学
80,口,化学
81,放置,化学
82,温度计,化学
83,搅拌器,化学
84,量,化学
85,量筒,化学
86,精确度,化学
87,配制,化学
88,浓度,化学
89,容量瓶,化学
90,填,化学
91,需,化学
92,漏,化学
93,查,化学
94,酸式滴定管,化学
95,上方,化学
96,盛装,化学
97,刻度,化学
98,碱式滴定管,化学
99,氧化性,化学
100,托盘天平,化学
101,腐蚀性药品,化学
102,零点,化学
103,调,化学
104,码,化学
105,右,化学
106,左,化学
107,支管,化学
108,插入,化学
109,球,化学
110,容器,化学
111,水银,化学
112,内壁,化学
113,温度,化学
114,测,化学
115,接触,化学
116,A B H,化学
117,匙,化学
118,酒精灯,化学
119,镊子,化学
120,药,化学
121,装置,化学
122,倒吸,化学
123,过滤器,化学
124,转移,化学
125,小口,化学
126,防,化学
127,长颈漏斗,化学
128,添加,化学
129,气体发生装置,化学
130,气体,化学
131,防止,化学
132,液面,化学
133,长管,化学
134,制取,化学
135,逸出,化学
136,末端,化学
137,分液漏斗,化学
138,萃取,化学
139,倒出,化学
140,检漏,化学
141,下,化学
142,放出,化学
143,恒压,化学
144,平衡,化学
145,增大,化学
146,气压,化学
147,消除,化学
148,使,化学
149,滴下,化学
150,加入,化学
151,影响,化学
152,冷凝,化学
153,回流,化学
154,液化,化学
155,进,化学
156,水下,化学
157,直形冷凝管,化学
158,出,化学
159,头,化学
160,洗净,化学
161,滴管,化学
162,实验,化学
163,滴加,化学
164,吸液,化学
165,取用,化学
166,污染,化学
167,制备,化学
168,试剂,化学
169,加,化学
170,倒置,化学
171,容器内,化学
172,做,化学
173,胶,化学
174,一管多用,化学
175,伸入,化学
176,腐蚀,化学
177,胶头滴管,化学
178,可用,化学
179,用量,化学
180,擦拭,化学
181,块状试剂,化学
182,保持,化学
183,清洁,化学
184,用完后,化学
185,注意,化学
186,试纸,化学
187,碰击,化学
188,黏附,化学
189,试液,化学
190,蘸取,化学
191,引流,化学
192,帽,化学
193,酒精,化学
194,不少于,化学
195,吹,化学
196,不可用,化学
197,引燃,化学
198,盖,化学
199,禁止,化学
200,灯,化学
201,一盏,化学
202,嘴,化学
203,灭,化学
204,去,化学
205,吸收,化学
206,出气,化学
207,选择,化学
208,吸收剂,化学
209,碱石灰,化学
210,进气,化学
211,干燥剂,化学
212,CaCl2,化学
213,干燥管,化学
214,液体干燥剂,化学
215,装,化学
216,玻璃仪器,化学
217,错,化学
218,滴定管,化学
219,均需要,化学
220,瓷坩埚,化学
221,熔融,化学
222,SiO2反应,化学
223,NaOH,化学
224,下端,化学
225,上端,化学
226,倾倒,化学
227,托盘,化学
228,粉末,化学
229,试剂瓶,化学
230,纸槽,化学
231,移液管,化学
232,天平,化学
233,竖立,化学
234,类型及作用,化学
235,定性检验,化学
236,检测,化学
237,SO2,化学
238,检验,化学
239,漂白,化学
240,Cl2,化学
241,对照,化学
242,观察试纸,化学
243,pH试纸,化学
244,等,化学
245,中部,化学
246,变色,化学
247,一小块,化学
248,颜色变化,化学
249,表面皿,化学
250,玻璃片,化学
251,卡,化学
252,点,化学
253,再用,化学
254,蒸馏水,化学
255,粘,化学
256,导管,化学
257,集气瓶,化学
258,夹,化学
259,润湿,化学
260,进行,化学
261,水解,化学
262,AlCl3,化学
263,试管,化学
264,振荡,化学
265,里,化学
266,加速,化学
267,FeCl3,化学
268,粉碎,化学
269,溶解度,化学
270,H2S,化学
271,如图,化学
272,所示,化学
273,CO2,化学
274,HCl,化学
275,密度,化学
276,浓硫酸,化学
277,浓硝酸,化学
278,瓶塞,化学
279,药品状态,化学
280,见光,化学
281,化学试剂,化学
282,密封,化学
283,妥善,化学
284,采取,化学
285,保存,化学
286,变质,化学
287,挥发,化学
288,棕色瓶,化学
289,依据,化学
290,橡胶,化学
291,塑料盖,化学
292,AgNO3,化学
293,暗处,化学
294,氯水,化学
295,氧化剂,化学
296,黏结,化学
297,稀盐酸,化学
298,减少,化学
299,暴露,化学
300,防腐蚀,化学
301,HNO3,化学
302,Na2CO3,化学
303,典型,化学
304,溴水,化学
305,汽油,化学
306,浓盐酸,化学
307,玻璃塞,化学
308,置于,化学
309,贮存,化学
310,分解,化学
311,抑制,化学
312,阴凉处,化学
313,燃烧,化学
314,时间,化学
315,严禁,化学
316,苯,化学
317,氨水,化学
318,Na2S,化学
319,石灰水,化学
320,塞,化学
321,火种,化学
322,盖好,化学
323,酸,化学
324,碱,化学
325,Na2O2,化学
326,氧化,化学
327,Na2SO3,化学
328,流下,化学
329,聚集,化学
330,水,化学
331,成,化学
332,附着,化学
333,滴,化学
334,洗涤,化学
335,残留物,化学
336,容器里,化学
337,纯碱,化学
338,洗涤剂,化学
339,MnO2,化学
340,残留,化学
341,硫,化学
342,油污,化学
343,AgCl,化学
344,附有,化学
345,易燃液体,化学
346,爆炸品,化学
347,腐蚀品,化学
348,放射性物品,化学
349,剧毒品,化学
350,三级,化学
351,送往,化学
352,灭火,化学
353,有机物,化学
354,涂上,化学
355,医院,化学
356,皮肤,化学
357,擦洗,化学
358,苯酚,化学
359,溅到,化学
360,重金属,化学
361,到,化学
362,服用,化学
363,蛋清,化学
364,硫粉,化学
365,冲洗,化学
366,地面,化学
367,抹布,化学
368,洒,化学
369,处理,化学
370,着火,化学
371,碳酸氢钠,化学
372,沾,化学
373,桌面,化学
374,牛奶,化学
375,沙子,化学
376,误食,化学
377,撒上,化学
378,盐,化学
379,用水,化学
380,硼酸,化学
381,实验台,化学
382,棕色,化学
383,存放,化学
384,玻璃瓶,化学
385,氢氟酸,化学
386,带,化学
387,塑料瓶,化学
388,无色玻璃试剂瓶,化学
389,溴,化学
390,液溴,化学
391,水液封,化学
392,FeSO4,化学
393,盐酸,化学
394,铁粉,化学
395,硫酸,化学
396,点燃,化学
397,收集,化学
398,氢气,化学
399,纯度,化学
400,排空气法,化学
401,法,化学
402,排水,化学
403,应用,化学
404,熄灭,化学
405,氧气,化学
406,移出,化学
407,蓝色石蕊试纸,化学
408,氨气,化学
409,红色石蕊试纸,化学
410,选用,化学
411,盛放,化学
412,H2SO4,化学
413,适量,化学
414,长时间,化学
415,溶,化学
416,CaSO4,化学
417,pH,化学
418,测定,化学
419,提醒,化学
420,受到,化学
421,浸入,化学
422,导致,化学
423,需要,化学
424,误差,化学
425,酸碱度,化学
426,带来,化学
427,整数,化学
428,广范pH试纸,化学
429,读出,化学
430,不能用,化学
431,运用,化学
432,不同,化学
433,物质的分离,化学
434,混合物,化学
435,纯净物,化学
436,获得,化学
437,开来,化学
438,净化,化学
439,除,化学
440,杂质,化学
441,得到,化学
442,叫,化学
443,除去,化学
444,过滤,化学
445,吸引,化学
446,磁铁,化学
447,结晶,化学
448,加水,化学
449,升华,化学
450,NaCl,化学
451,固＋液,化学
452,固+液,化学
453,硫酸铜,化学
454,蒸,化学
455,蒸发结晶,化学
456,海水,化学
457,水中,化学
458,获取,化学
459,胆矾,化学
460,溜,化学
461,互溶,化学
462,提取,化学
463,碘,化学
464,液＋液,化学
465,煤油,化学
466,分液,化学
467,饱和,化学
468,石油,化学
469,乙酸乙酯,化学
470,液+液,化学
471,油,化学
472,紧贴,化学
473,靠,化学
474,紧靠,化学
475,低于,化学
476,贴,化学
477,滤纸,化学
478,边缘,化学
479,管,化学
480,杯,化学
481,三层,化学
482,处,化学
483,抵,化学
484,飞溅,化学
485,利用,化学
486,溶质,化学
487,溶剂,化学
488,相溶,化学
489,一种,化学
490,两种,化学
491,组成,化学
492,提取出来,化学
493,水流方向,化学
494,相差,化学
495,沸点,化学
496,瓷片,化学
497,支管口处,化学
498,沸石,化学
499,沸,化学
500,NH4Cl,化学
501,创新,化学
502,过滤装置,化学
503,抽滤,化学
504,加快,化学
505,减小,化学
506,压强,化学
507,速率,化学
508,反应容器,化学
509,反应物,化学
510,提高,化学
511,循环利用,化学
512,转化率,化学
513,可使,化学
514,过滤速度,化学
515,以防,化学
516,弄破,化学
517,食用油,化学
518,乙醇,化学
519,忘,化学
520,补,化学
521,发现,化学
522,室温,化学
523,固体混合物,化学
524,遇冷,化学
525,生成,化学
526,KNO3,化学
527,含有,化学
528,氯化钠,化学
529,氯化钠溶液,化学
530,包括,化学
531,冷却结晶,化学
532,一系列,化学
533,实验操作,化学
534,序号,化学
535,在此,化学
536,受热,化学
537,滤液,化学
538,硫酸铝,化学
539,出现,化学
540,表面,化学
541,至,化学
542,硫酸铵,化学
543,铵明矾,化学
544,破损,化学
545,更换,化学
546,失去,化学
547,凹槽,化学
548,小孔,化学
549,塞上,化学
550,玻璃,化学
551,对齐,化学
552,打开,化学
553,来,化学
554,BaCl2,化学
555,适当,化学
556,受热分解,化学
557,相应,化学
558,铜,化学
559,原理,化学
560,出去,化学
561,精炼,化学
562,Na2SO4,化学
563,微溶物,化学
564,引入,化学
565,调节,化学
566,还原,化学
567,氧化还原反应法,化学
568,还原剂,化学
569,CuCl2,化学
570,电解,化学
571,FeCl2,化学
572,沉淀,化学
573,不增,化学
574,不减,化学
575,转化,化学
576,复原,化学
577,除杂试剂,化学
578,多种,化学
579,考虑,化学
580,图,化学
581,Ca(OH)2,化学
582,效果差,化学
583,铜网,化学
584,括号,化学
585,灼热,化学
586,化学方程式,化学
587,热水,化学
588,凝华,化学
589,降温,化学
590,变化,化学
591,通,化学
592,镁粉,化学
593,铝粉,化学
594,铜粉,化学
595,重结晶,化学
596,溶于,化学
597,乙醚,化学
598,丁醇,化学
599,分离方法,化学
600,化合物,化学
601,解决问题,化学
602,饱和溶液,化学
603,蒸出,化学
604,留在,化学
605,萃取剂,化学
606,均属于,化学
607,分开,化学
608,分析,化学
609,解析,化学
610,采用,化学
611,母液,化学
612,基本原理,化学
613,角度,化学
614,不合理,化学
615,Ba(OH)2,化学
616,硝酸,化学
617,含,化学
618,平均,化学
619,推论,化学
620,解答,化学
621,换算,化学
622,阿伏加德罗常数,化学
623,摩尔体积,化学
624,相关,化学
625,摩尔质量,化学
626,指定,化学
627,阿伏加德罗定律,化学
628,微粒,化学
629,数目,化学
630,正确使用,化学
631,国际单位制,化学
632,集合,化学
633,表示,化学
634,摩尔,化学
635,概念,化学
636,符号,化学
637,单位,化学
638,用来,化学
639,七个,化学
640,基本物理量,化学
641,规范,化学
642,数值,化学
643,适用,化学
644,微观粒子,化学
645,粒子,化学
646,国际上,化学
647,叫做,化学
648,数,化学
649,规定,化学
650,背会公式,化学
651,n＝,化学
652,称为,化学
653,质量,化学
654,原子,化学
655,相对分子,化学
656,等于,化学
657,公式,化学
658,背会,化学
659,物理量,化学
660,1023个,化学
661,分子,化学
662,离子化合物,化学
663,不存在,化学
664,无关,化学
665,相对分子质量,化学
666,相等,化学
667,占,化学
668,计算,化学
669,常温,化学
670,计量,化学
671,气态,化学
672,相同,化学
673,语言,化学
674,叙述,化学
675,成正比,化学
676,压下,化学
677,不适用,化学
678,常数,化学
679,推导,化学
680,指明,化学
681,无法,化学
682,升高,化学
683,判断,化学
684,气体摩尔体积,化学
685,也称为,化学
686,比值,化学
687,表达式,化学
688,质量分数,化学
689,L－1NaCl,化学
690,指,化学
691,所得,化学
692,配,化学
693,线,化学
694,标有,化学
695,检查,化学
696,装水,化学
697,立,化学
698,旋转,化学
699,漏水,化学
700,倒立,化学
701,为例,化学
702,弓,化学
703,烧,化学
704,放入,化学
705,容量,化学
706,2~3次,化学
707,洗涤液,化学
708,瓶,化学
709,注入,化学
710,移液,化学
711,称,化学
712,摇动,化学
713,距,化学
714,摇匀,化学
715,颠倒,化学
716,相切,化学
717,面,化学
718,回顾,化学
719,对比,化学
720,百分比,化学
721,并用,化学
722,所用,化学
723,L－1H2SO4,化学
724,小于,化学
725,恢复,化学
726,L－1,化学
727,达到,化学
728,有关,化学
729,水里,化学
730,大小,化学
731,气体溶解度,化学
732,记,化学
733,氯化铁,化学
734,氯化钾,化学
735,交点,化学
736,比较,化学
737,反映出,化学
738,受,化学
739,带有,化学
740,计算方法,化学
741,化学,化学
742,学会,化学
743,出发,化学
744,推理,化学
745,桥梁,化学
746,cm,化学
747,Mg,化学
748,定律,化学
749,守恒,化学
750,前后,化学
751,不变,化学
752,改变,化学
753,发生,化学
754,教师用书,化学
755,cm－3,化学
756,大于,化学
757,假设,化学
758,H2O2,化学
759,mol,化学
760,离,化学
761,分数,化学
762,构成,化学
763,电子,化学
764,化学式,化学
765,离子,化学
766,方程式,化学
767,解释,化学
768,催化剂,化学
769,一般规律,化学
770,能用,化学
771,调控,化学
772,外界,化学
773,生产,化学
774,科学研究领域,化学
775,理解,化学
776,活化,化学
777,作用,化学
778,化学反应,化学
779,理论,化学
780,伯,化学
781,同一,化学
782,衡量,化学
783,瞬时,化学
784,min,化学
785,增加,化学
786,反,化学
787,视为,化学
788,某一时刻,化学
789,度,化学
790,同一时间,化学
791,存在,化学
792,写出,化学
793,起始,化学
794,时刻,化学
795,找出,化学
796,已知,化学
797,pC,化学
798,L－1abc,化学
799,L－1x,化学
800,转化浓度,化学
801,一些,化学
802,即时,化学
803,一段时间,化学
804,大小比较,化学
805,粒,化学
806,锌,化学
807,回答,化学
808,缺少,化学
809,实验用品,化学
810,改正,化学
811,定义式,化学
812,求,化学
813,关系式法,化学
814,一单位,化学
815,正确,化学
816,错误,化学
817,属于,化学
818,"1,15 ℃",化学
819,测得,化学
820,表,化学
821,初始,化学
822,区间,化学
823,列式,化学
824,得出,化学
825,降低,化学
826,减慢,化学
827,要求,化学
828,列式计算,化学
829,列出,化学
830,时间段,化学
831,够,化学
832,比表面积,化学
833,光照,化学
834,参加,化学
835,超声波,化学
836,碰撞,化学
837,有效,化学
838,过程,化学
839,E3,化学
840,E2,化学
841,反应热,化学
842,E1,化学
843,引发,化学
844,能量,化学
845,次数,化学
846,总数,化学
847,碰,化学
848,气体压强,化学
849,百分数,化学
850,撞,化学
851,增多,化学
852,入,化学
853,恒温,化学
854,氦气,化学
855,变,化学
856,压,化学
857,变大,化学
858,放热反应,化学
859,升温,化学
860,吸热反应,化学
861,醋酸钠,化学
862,滴入,化学
863,),化学
864,形成,化学
865,原电池,化学
866,碳酸钙,化学
867,锌片,化学
868,相当于,化学
869,密闭,化学
870,缩小,化学
871,恒压充入,化学
872,建立,化学
873,方向,化学
874,二同,化学
875,任,化学
876,一组,化学
877,,化学
878,可逆反应,化学
879,开始,化学
880,逆,化学
881,动一化学平衡,化学
882,动态平衡,化学
883,条件,化学
884,动态,化学
885,消耗,化学
886,同种,化学
887,异向,化学
888,标明,化学
889,静态,化学
890,百分,化学
891,含量,化学
892,化学反应方程式,化学
893,颜色,化学
894,两边,化学
895,作为,化学
896,表明,化学
897,变量,化学
898,变成,化学
899,H2O,化学
900,互为,化学
901,2NO2,化学
902,说明,化学
903,气体分子,化学
904,SO3,化学
905,下同,化学
906,热量,化学
907,2SO3,化学
908,2SO2,化学
909,N2O4,化学
910,规避,化学
911,失分点,化学
912,平衡状态,化学
913,关注,化学
914,分解反应,化学
915,绝热恒容容器,化学
916,四种,化学
917,体系,化学
918,以后,化学
919,移动,化学
920,叫作,化学
921,道,化学
922,破坏,化学
923,完成,化学
924,正向,化学
925,氮气,化学
926,逆向,化学
927,氩气,化学
928,恒定,化学
929,相混,化学
930,增减,化学
931,程度,化学
932,同等,化学
933,惰性气体,化学
934,倍数,化学
935,减压,化学
936,等效,化学
937,分压,化学
938,可变,化学
939,化学物质,化学
940,减弱,化学
941,吸,化学
942,此时,化学
943,右移,化学
944,变浅,化学
945,压缩,化学
946,变深,化学
947,NO2,化学
948,向左,化学
949,向右,化学
950,加压,化学
951,设,化学
952,填写,化学
953,化学平衡常数,化学
954,一个,化学
955,化学平衡常数表达式,化学
956,计入,化学
957,平衡常数,化学
958,商,化学
959,处于,化学
960,效应,化学
961,平衡常数表达式,化学
962,＝,化学
963,K2,化学
964,K1,化学
965,K3,化学
966,可知,化学
967,结合,化学
968,解题,化学
969,钥匙,化学
970,题目,化学
971,统一,化学
972,计算题,化学
973,三段式法,化学
974,三个,化学
975,计算模式,化学
976,令,化学
977,容器容积,化学
978,消耗量,化学
979,molab,化学
980,①K＝。,化学
981,c平,化学
982,⑤＝。,化学
983,原料,化学
984,产率,化学
985,产量,化学
986,实际产量,化学
987,利用率,化学
988,化学平衡,化学
989,替代,化学
990,三段式,化学
991,第一步,化学
992,计算公式,化学
993,第三步,化学
994,总压强,化学
995,第二步,化学
996,第四步,化学
997,代入,化学
998,思考,化学
999,反应温度,化学
1000,平衡浓度,化学
1001,解,化学
1002,基元反应,化学
1003,cd,化学
1004,示例,化学
1005,代入特殊值,化学
1006,k正,化学
1007,变式,化学
1008,加深,化学
1009,图像,化学
1010,系统,化学
1011,模型,化学
1012,构建,化学
1013,拐点,化学
1014,横坐标,化学
1015,起点,化学
1016,看,化学
1017,平衡线,化学
1018,等温线,化学
1019,走向,化学
1020,辅助,化学
1021,想,化学
1022,作出,化学
1023,代表,化学
1024,终点,化学
1025,一看,化学
1026,等压线,化学
1027,联想,化学
1028,U道,化学
1029,类,化学
1030,渐变,化学
1031,吸热,化学
1032,放热,化学
1033,如图所示,化学
1034,totit2tttstt t,化学
1035,温度  ,化学
1036,t1时刻,化学
1037,氨,化学
1038,画,化学
1039,请,化学
1040,送,化学
1041,增,化学
1042,逆增大,化学
1043,绝热,化学
1044,中通,化学
1045,实质,化学
1046,达,化学
1047,二氧化硫,化学
1048,高于,化学
1049,对应,化学
1050,刚开始,化学
1051,三种,化学
1052,产物,化学
1053,平均速率,化学
1054,确定,化学
1055,说法错误,化学
1056,两个,化学
1057,所需,化学
1058,少于,化学
1059,L－1氦气,化学
1060,变小,化学
1061,第10,化学
1062,推测,化学
1063,引起,化学
1064,曲线变化,化学
1065,编号,化学
1066,第16,化学
1067,增加量,化学
1068,识,化学
1069,推知,化学
1070,长短,化学
1071,适宜,化学
1072,举例,化学
1073,平衡点,化学
1074,左移,化学
1075,右下方,化学
1076,左上方,化学
1077,kJ,化学
1078,说法正确,化学
1079,压缩容器,化学
1080,11 min起,化学
1081,三点,化学
1082,符合,化学
1083,瞬间,化学
1084,沥青混凝土,化学
1085,催化,化学
1086,氧化法,化学
1087,开,化学
1088,四点,化学
1089,50 ℃,化学
1090,代数式,化学
1091,α型,化学
1092,CO转化反应,化学
1093,几率,化学
1094,突变,化学
1095,β型催化剂,化学
1096,α型催化剂,化学
1097,观察,化学
1098,题型,化学
1099,新型,化学
1100,弄清,化学
1101,仔细,化学
1102,最低点,化学
1103,考查,化学
1104,相结合,化学
1105,看清,化学
1106,转折点,化学
1107,又出现,化学
1108,除以,化学
1109,生活中,化学
1110,反应时间,化学
1111,最高点,化学
1112,抓住,化学
1113,投料,化学
1114,纵坐标,化学
1115,涉,化学
1116,难辨,化学
1117,反应原理,化学
1118,甲醚,化学
1119,废气,化学
1120,见,化学
1121,投,化学
1122,投料比,化学
1123,合金,化学
1124,二甲醚,化学
1125,合成,化学
1126,有利于,化学
1127,雾霾,化学
1128,脱硝,化学
1129,氧化还原法,化学
1130,氮氧化物,化学
1131,汽车尾气,化学
1132,研究,化学
1133,氨氮,化学
1134,效率,化学
1135,400 ℃,化学
1136,370℃,化学
1137,390℃,化学
1138,400℃,化学
1139,420℃,化学
1140,排放,化学
1141,研究小组,化学
1142,乙醇汽油,化学
1143,NOx,化学
1144,汽车,化学
1145,耐高温试剂,化学
1146,剩余,化学
1147,百分率,化学
1148,左右,化学
1149,最佳温度,化学
1150,控制,化学
1151,分解率,化学
1152,平衡移动原理,化学
1153,脱,化学
1154,氮,化学
1155,脱氢,化学
1156,上升,化学
1157,575 ℃,化学
1158,535 ℃,化学
1159,温度催化剂,化学
1160,550 ℃,化学
1161,继续,化学
1162,下降,化学
1163,相同时间,化学
1164,效果最好,化学
1165,性质,化学
1166,钠,化学
1167,100 ℃,化学
1168,金属光泽,化学
1169,熔点,化学
1170,银白色,化学
1171,NaNa＋,化学
1172,非金属单质,化学
1173,O2,化学
1174,离子方程式,化学
1175,酚酞,化学
1176,推动,化学
1177,产生,化学
1178,红,化学
1179,强碱,化学
1180,熔,化学
1181,游动,化学
1182,复分解反应,化学
1183,CuSO4,化学
1184,石蜡,化学
1185,液态,化学
1186,导热剂,化学
1187,钠钾合金,化学
1188,反应堆,化学
1189,高压钠灯,化学
1190,制作,化学
1191,电光源,化学
1192,金属,化学
1193,冶炼,化学
1194,氧化物,化学
1195,淡黄色,化学
1196,阴,化学
1197,漂白剂,化学
1198,碱性氧化物,化学
1199,阳离子,化学
1200,白色,化学
1201,个数,化学
1202,电子式,化学
1203,氧元素化合价,化学
1204,供氧剂,化学
1205,变暗,化学
1206,放回,化学
1207,完毕,化学
1208,随意,化学
1209,丢弃,化学
1210,Na2O,化学
1211,O2反应,化学
1212,投入,化学
1213,反应现象,化学
1214,变红,化学
1215,褪色,化学
1216,为先,化学
1217,mol钠,化学
1218,Na元素,化学
1219,变为,化学
1220,答案V1,化学
1221,丁,化学
1222,相比,化学
1223,无反应,化学
1224,等同,化学
1225,苏打,化学
1226,呈,化学
1227,小苏打,化学
1228,CO3,化学
1229,离子反应,化学
1230,肥皂,化学
1231,冶金,化学
1232,造纸,化学
1233,化工原料,化学
1234,食品,化学
1235,治疗,化学
1236,医疗,化学
1237,胃酸过多,化学
1238,焙制,化学
1239,胃溃疡,化学
1240,发酵粉,化学
1241,糕点,化学
1242,病人,化学
1243,慎用,化学
1244,药剂,化学
1245,碳酸钠,化学
1246,气泡,化学
1247,氢氧化钠,化学
1248,不涉及,化学
1249,炊具,化学
1250,清洗,化学
1251,高级脂肪酸钠,化学
1252,甘油,化学
1253,油脂,化学
1254,外层,化学
1255,1个,化学
1256,正价,化学
1257,层数,化学
1258,单质,化学
1259,增强,化学
1260,物理,化学
1261,钾,化学
1262,变性,化学
1263,电荷,化学
1264,碱金属,化学
1265,锂,化学
1266,氢化物,化学
1267,显,化学
1268,氢,化学
1269,取出,化学
1270,焰色反应,化学
1271,呈现出,化学
1272,丝,化学
1273,无色,化学
1274,铂丝,化学
1275,铂,化学
1276,焰色,化学
1277,砖红色,化学
1278,钠元素,化学
1279,蓝色钴玻璃,化学
1280,铜元素,化学
1281,钾元素,化学
1282,钡元素,化学
1283,黄色,化学
1284,紫色,化学
1285,黄绿色,化学
1286,氧化钠,化学
1287,氯化物,化学
1288,硫酸盐,化学
1289,高温,化学
1290,空气,化学
1291,定量分析,化学
1292,认识,化学
1293,看作,化学
1294,水蒸气,化学
1295,选,化学
1296,过氧化钠,化学
1297,不符合,化学
1298,反应方程式,化学
1299,增重,化学
1300,改写,化学
1301,当,化学
1302,自然数,化学
1303,中学阶段,化学
1304,无机物,化学
1305,乙酸,化学
1306,甲醛,化学
1307,甲酸甲酯,化学
1308,甲醇,化学
1309,葡萄糖,化学
1310,耗酸,化学
1311,NaHCO3,化学
1312,耗,化学
1313,化学原理,化学
1314,完成时,化学
1315,滴滴,化学
1316,涉及,化学
1317,一样,化学
1318,归,化学
1319,侯氏制碱法,化学
1320,食盐,化学
1321,煤气,化学
1322,二氧化碳,化学
1323,合成氨,化学
1324,过,化学
1325,氯化铵,化学
1326,NHCl,化学
1327,粉,化学
1328,盐水,化学
1329,循环,化学
1330,测定原理,化学
1331,样品,化学
1332,测量,化学
1333,折算,化学
1334,数据处理,化学
1335,BaCO3,化学
1336,叙述错误,化学
1337,工艺过程,化学
1338,第Ⅲ步,化学
1339,用到,化学
1340,第Ⅳ步,化学
1341,NH3,化学
1342,稳定性,化学
1343,水溶液,化学
1344,氢氧化钙,化学
1345,氯化铵溶液,化学
1346,铁,化学
1347,自然界,化学
1348,变价,化学
1349,金属元素,化学
1350,过渡金属元素,化学
1351,元素周期表,化学
1352,第四,化学
1353,Ⅷ族,化学
1354,周期,化学
1355,铁元素,化学
1356,位于,化学
1357,导电,化学
1358,导热,化学
1359,价态,化学
1360,填空,化学
1361,棕褐色,化学
1362,四射,化学
1363,火星,化学
1364,氯气,化学
1365,硫化亚铁,化学
1366,写,化学
1367,氧化性酸,化学
1368,一层,化学
1369,钝化,化学
1370,炼铁,化学
1371,Fe3O4,化学
1372,黑色,化学
1373,磁性氧化铁,化学
1374,化合价,化学
1375,红棕色,化学
1376,亚铁盐,化学
1377,色态,化学
1378,灰绿色,化学
1379,红褐色,化学
1380,族,化学
1381,化合,化学
1382,陨铁,化学
1383,铁单质,化学
1384,中间,化学
1385,浅绿色,化学
1386,为主,化学
1387,遇,化学
1388,表现,化学
1389,Fe3,化学
1390,可水解,化学
1391,弱碱,化学
1392,Fe(OH)2,化学
1393,硫酸亚铁,化学
1394,铁屑,化学
1395,棕黄色,化学
1396,高价,化学
1397,共存,化学
1398,印刷电路板,化学
1399,铜箔,化学
1400,溶度积,化学
1401,Fe(OH)3,化学
1402,氢氧化铁,化学
1403,胶体,化学
1404,沸水,化学
1405,红色,化学
1406,褪去,化学
1407,紫红色,化学
1408,方法,化学
1409,蓝色,化学
1410,中和反应,化学
1411,氧化还原反应,化学
1412,化合反应,化学
1413,促进,化学
1414,设计,化学
1415,方案,化学
1416,实现,化学
1417,学习,化学
1418,预测,化学
1419,铁元素化合价,化学
1420,体现,化学
1421,横向变化,化学
1422,同价,化学
1423,类别,化学
1424,纵向,化学
1425,斜向变化,化学
1426,体会,化学
1427,KI­淀粉,化学
1428,变蓝,化学
1429,铁片,化学
1430,印刷电路,化学
1431,残余,化学
1432,铜离子,化学
1433,置换,化学
1434,出来,化学
1435,话,化学
1436,足够,化学
1437,回,化学
1438,中铁,化学
1439,时,化学
1440,氢氧化物,化学
1441,MgO,化学
1442,水解反应,化学
1443,水处理剂,化学
1444,高铁酸钾,化学
1445,复合,化学
1446,高效,化学
1447,消毒,化学
1448,性能,化学
1449,杀菌,化学
1450,起到,化学
1451,吸附,化学
1452,悬浮,化学
1453,净水,化学
1454,FeI2,化学
1455,BC段,化学
1456,OA段,化学
1457,AB段,化学
1458,NO物质,化学
1459,阶段,化学
1460,得失,化学
1461,SO4,化学
1462,不足,化学
1463,HO2,化学
1464,废液,化学
1465,起,化学
1466,转变,化学
1467,灭菌,化学
1468,冠状病毒,化学
1469,NaClO,化学
1470,灭活,化学
1471,金属材料,化学
1472,铝,化学
1473,镁,化学
1474,铜单质,化学
1475,铝单质,化学
1476,第三,化学
1477,地壳,化学
1478,硬度,化学
1479,发出,化学
1480,铝热反应,化学
1481,Al2O3,化学
1482,耐火材料,化学
1483,MgO Al2O3,化学
1484,两性氧化物,化学
1485,Al(OH)3,化学
1486,Mg(OH)2,化学
1487,Al3,化学
1488,强酸,化学
1489,溶于水,化学
1490,明矾,化学
1491,悬浮物,化学
1492,澄清,化学
1493,电离方程式,化学
1494,铝盐,化学
1495,渐多,化学
1496,消失,化学
1497,渐少,化学
1498,铝热剂,化学
1499,Al粉,化学
1500,置换反应,化学
1501,蒸气,化学
1502,制造,化学
1503,氧化铝,化学
1504,耐高温材料,化学
1505,熔化,化学
1506,净水剂,化学
1507,属,化学
1508,非金属,化学
1509,Cu2(OH)2CO3,化学
1510,不反应,化学
1511,非氧化性酸,化学
1512,CuCl,化学
1513,稀硝酸,化学
1514,氧化铜,化学
1515,H2反应,化学
1516,氧化亚铜,化学
1517,醛基,化学
1518,碱式碳酸铜,化学
1519,孔雀石,化学
1520,铜绿,化学
1521,蓝矾,化学
1522,无水,化学
1523,植物,化学
1524,蛋白质,化学
1525,波尔多液,化学
1526,病毒,化学
1527,铜盐,化学
1528,活性,化学
1529,熟石灰,化学
1530,杀灭,化学
1531,铜锈,化学
1532,无水硫酸铜,化学
1533,铜片,化学
1534,5H2O,化学
1535,失去结晶,化学
1536,而成,化学
1537,韭,化学
1538,熔合,化学
1539,分类,化学
1540,锰,化学
1541,铬,化学
1542,黑色金属材料,化学
1543,有色金属材料,化学
1544,黑色金属,化学
1545,①,化学
1546,碳素钢,化学
1547,加工,化学
1548,锈钢,化学
1549,合金钢,化学
1550,钢铁,化学
1551,特种钢,化学
1552,中碳钢,化学
1553,高碳钢,化学
1554,强度,化学
1555,低碳钢,化学
1556,热处理,化学
1557,②,化学
1558,易于,化学
1559,硅铝合金,化学
1560,造,化学
1561,硬铝,化学
1562,铝合金,化学
1563,镁铝合金,化学
1564,③,化学
1565,青铜,化学
1566,黄铜,化学
1567,白铜,化学
1568,铜合金,化学
1569,我国,化学
1570,金,化学
1571,游离,化学
1572,金属化合物,化学
1573,化合态,化学
1574,活动性,化学
1575,HgO,化学
1576,冰晶石,化学
1577,分解法,化学
1578,高炉炼铁,化学
1579,热还原法,化学
1580,焦炭,化学
1581,钨,化学
1582,烧穿,化学
1583,氧化铁,化学
1584,弱于,化学
1585,落入,化学
1586,纸,化学
1587,沙,化学
1588,并发,化学
1589,实验装置,化学
1590,下部,化学
1591,金属离子,化学
1592,非金属元素,化学
1593,合金材料,化学
1594,碳元素,化学
1595,氯化镁,化学
1596,共价化合物,化学
1597,书写,化学
1598,硼,化学
1599,网络,化学
1600,知识,化学
1601,必练,化学
1602,石灰乳,化学
1603,通电,化学
1604,NaAlO2,化学
1605,显色反应,化学
1606,隔绝,化学
1607,赤铁矿,化学
1608,露,化学
1609,Cl2反应,化学
1610,SCu2S,化学
1611,生锈,化学
1612,稀HNO3,化学
1613,铜板,化学
1614,惰性电极,化学
1615,电极,化学
1616,加热分解,化学
1617,拓展,化学
1618,无定形硼,化学
1619,硼单质,化学
1620,硼化物,化学
1621,一元,化学
1622,弱酸,化学
1623,脱水,化学
1624,酸酐,化学
1625,偏硼酸,化学
1626,酮类,化学
1627,硼氢化钠,化学
1628,酰氯,化学
1629,氢元素,化学
1630,醛类,化学
1631,。,化学
1632,CH,化学
1633,OH,化学
1634,硼砂,化学
1635,浓缩结晶,化学
1636,偏硼酸钠,化学
1637,归中反应,化学
1638,钠离子,化学
1639,全国卷,化学
1640,解离反应,化学
1641,硼钢,化学
1642,抗冲击,化学
1643,安徽,化学
1644,2014,化学
1645,重庆,化学
1646,渣,化学
1647,90 ℃,化学
1648,硼镁矿,化学
1649,硼元素,化学
1650,MgCl2,化学
1651,6H2O,化学
1652,几滴,化学
1653,碘水,化学
1654,制得,化学
1655,淀粉,化学
1656,提示,化学
1657,制成,化学
1658,工作原理,化学
1659,写成,化学
1660,产品,化学
1661,石墨,化学
1662,阴离子,化学
1663,交换,化学
1664,出口,化学
1665,氢氧化镁,化学
1666,关系式,化学
1667,转入,化学
1668,阴离子交换膜,化学
1669,扩散,化学
1670,阳离子交换膜,化学
1671,电解液,化学
1672,M室,化学
1673,进入,化学
1674,穿过,化学
1675,氢氧根,化学
1676,阴极,化学
1677,电极反应式,化学
1678,浸,化学
1679,矿粉,化学
1680,95 ℃,化学
1681,滤渣1,化学
1682,碱式碳酸镁,化学
1683,轻质氧化镁,化学
1684,返回,化学
1685,工序,化学
1686,SiO2,化学
1687,焙烧,化学
1688,碳酸镁,化学
1689,环境保护,化学
1690,联系,化学
1691,氧化镁,化学
1692,二氧化硅,化学
1693,高分子材料,化学
1694,同分异构体,化学
1695,乙烯,化学
1696,碳,化学
1697,有机反应,化学
1698,甲烷,化学
1699,有机化合物,化学
1700,衍生物,化学
1701,氯乙烯,化学
1702,同分异构,化学
1703,碳酸,化学
1704,碳酸盐,化学
1705,一氧化碳,化学
1706,不包括,化学
1707,电解质,化学
1708,是非,化学
1709,碳氢化合物,化学
1710,烃,化学
1711,有机溶剂,化学
1712,多个,化学
1713,环,化学
1714,双键,化学
1715,碳原子,化学
1716,共价键,化学
1717,碳链,化学
1718,4个,化学
1719,棍,化学
1720,结构式,化学
1721,排列,化学
1722,比例,化学
1723,反映,化学
1724,元素符号表示,化学
1725,官能团,化学
1726,分子式,化学
1727,着重,化学
1728,简式,化学
1729,原子团,化学
1730,若干个,化学
1731,相似,化学
1732,同系物,化学
1733,异丁烷,化学
1734,正丁烷,化学
1735,醋酸,化学
1736,有机酸,化学
1737,系,化学
1738,漏写,化学
1739,苯环,化学
1740,烯烃,化学
1741,烷烃,化学
1742,分子结构,化学
1743,氢原子,化学
1744,平面形,化学
1745,相近,化学
1746,氧化反应,化学
1747,相邻,化学
1748,裂解,化学
1749,取代反应,化学
1750,四个,化学
1751,四面体,化学
1752,支链,化学
1753,习惯,化学
1754,命名法,化学
1755,数字,化学
1756,辛,化学
1757,戊烷,化学
1758,异戊烷,化学
1759,正戊烷,化学
1760,加氢,化学
1761,加聚反应,化学
1762,乙烷,化学
1763,加成反应,化学
1764,悬浊液,化学
1765,高分子化合物,化学
1766,银,化学
1767,氢氧化铜,化学
1768,酸性高锰酸钾,化学
1769,还原反应,化学
1770,小分子,化学
1771,乙醛,化学
1772,取代衍生物,化学
1773,氧,化学
1774,聚乙烯,化学
1775,氯代物,化学
1776,高锰酸钾,化学
1777,四氯化碳,化学
1778,水层,化学
1779,静置,化学
1780,加成,化学
1781,三枚,化学
1782,摘下,化学
1783,记载,化学
1784,发,化学
1785,篮,化学
1786,未熟,化学
1787,格物粗谈,化学
1788,木瓜,化学
1789,红柿,化学
1790,交替,化学
1791,饱和烃,化学
1792,鉴别,化学
1793,一条,化学
1794,丙烯,化学
1795,保鲜,化学
1796,水果,化学
1797,释放,化学
1798,浸泡,化学
1799,硅土,化学
1800,催熟剂,化学
1801,煤,化学
1802,干馏,化学
1803,加强,化学
1804,铵盐,化学
1805,煤焦油,化学
1806,甲苯,化学
1807,固态,化学
1808,焦,化学
1809,二甲苯,化学
1810,酚类,化学
1811,气化,化学
1812,可燃性气体,化学
1813,目前,化学
1814,液体燃料,化学
1815,芳香烃,化学
1816,环烷烃,化学
1817,裂化,化学
1818,深度,化学
1819,燃料,化学
1820,断裂,化学
1821,原油,化学
1822,天然气,化学
1823,化石燃料,化学
1824,塑料,化学
1825,合成纤维,化学
1826,合成橡胶,化学
1827,合成材料,化学
1828,聚合反应,化学
1829,节,化学
1830,合成聚乙烯,化学
1831,聚合度,化学
1832,CHn FCH,化学
1833,n。,化学
1834,CHCH 2,化学
1835,ECHCH,化学
1836,聚氯乙烯,化学
1837,氯元素,化学
1838,不属于,化学
1839,轻质油,化学
1840,糖类,化学
1841,CH COH,化学
1842,COH,化学
1843,实验原理,化学
1844,酯化,化学
1845,羟基醇,化学
1846,吸水,化学
1847,中和,化学
1848,新冠病毒,化学
1849,细菌,化学
1850,羟基,化学
1851,指出,化学
1852,乙酸钙,化学
1853,酯化反应,化学
1854,肌肉,化学
1855,毛发,化学
1856,氨基酸,化学
1857,动物脂肪,化学
1858,酶,化学
1859,二糖,化学
1860,单糖,化学
1861,麦芽糖,化学
1862,脂肪,化学
1863,连接,化学
1864,果糖,化学
1865,高分子,化学
1866,高级脂肪酸,化学
1867,蔗糖,化学
1868,纤维素,化学
1869,甘油酯,化学
1870,多糖,化学
1871,植物油,化学
1872,醛,化学
1873,人体内,化学
1874,酒化酶,化学
1875,甜味,化学
1876,催化作用,化学
1877,特征,化学
1878,新制Cu(OH)2,化学
1879,mol蔗糖,化学
1880,        ,化学
1881,最终,化学
1882,趋于,化学
1883,皂化反应,化学
1884,氢化,化学
1885,便于,化学
1886,运输,化学
1887,储存,化学
1888,硬化油,化学
1889,硫酸钠,化学
1890,盐析,化学
1891,肽键,化学
1892,α-氨基酸,化学
1893,紫外线,化学
1894,蚕丝,化学
1895,烧焦,化学
1896,无机盐,化学
1897,羽毛,化学
1898,工业原料,化学
1899,食品加工,化学
1900,黏胶纤维,化学
1901,药物,化学
1902,食物,化学
1903,纤维素酯,化学
1904,输液,化学
1905,人体,化学
1906,提供,化学
1907,人类,化学
1908,营养物质,化学
1909,服装,化学
1910,动物,化学
1911,皮,化学
1912,生物体,化学
1913,天然高分子化合物,化学
1914,矿物油,化学
1915,易错警示,化学
1916,通式,化学
1917,烃类,化学
1918,酯类,化学
1919,生存,化学
1920,植物油脂,化学
1921,空间,化学
1922,溴苯,化学
1923,处在,化学
1924,代替,化学
1925,3个,化学
1926,12个,化学
1927,乙炔,化学
1928,6个,化学
1929,主体,化学
1930,平面,化学
1931,造成,化学
1932,定格,化学
1933,绕,化学
1934,轴,化学
1935,7个,化学
1936,13个,化学
1937,转到,化学
1938,两侧,化学
1939,分布,化学
1940,5个,化学
1941,甲基,化学
1942,H,化学
1943,包含,化学
1944,展开,化学
1945,8个,化学
1946,9个,化学
1947,2种,化学
1948,丙烷,化学
1949,3种,化学
1950,丁烷,化学
1951,直链,化学
1952,母链,化学
1953,连成,化学
1954,主链,化学
1955,一侧,化学
1956,取下,化学
1957,C,化学
1958,重复,化学
1959,变长,化学
1960,骨架结构,化学
1961,乙基,化学
1962,2个,化学
1963,C 4,化学
1964,5种,化学
1965,CC_CC 1,化学
1966,CC C,化学
1967,补写,化学
1968,烷基,化学
1969,4种,化学
1970,CH 3 CH 3,化学
1971,取代物,化学
1972,等效氢法,化学
1973,原则,化学
1974,取代,化学
1975,18个,化学
1976,烃基,化学
1977,丁基,化学
1978,丙基,化学
1979,戊基,化学
1980,8种,化学
1981,记住,化学
1982,醇,化学
1983,部分,化学
1984,羧酸,化学
1985,拆分为,化学
1986,二元,化学
1987,第2步,化学
1988,固定,化学
1989,第1步,化学
1990,第2个,化学
1991,氯原子,化学
1992,取代基,化学
1993,二氯代物,化学
1994,C C1,化学
1995,id,化学
1996,换元法,化学
1997,四氯苯,化学
1998,二氯苯C6H4Cl2,化学
1999,C1 C1,化学
2000,减去,化学
2001,变换,化学
2002,右侧,化学
2003,酯,化学
2004,左侧,化学
2005,CH²CH²CH -C,化学
2006,来自,化学
2007,6种,化学
2008,7种,化学
2009,1种,化学
2010,成立,化学
2011,CC,化学
2012,氯,化学
2013,9种,化学
2014,乙苯,化学
2015,邻二甲苯,化学
2016,对二甲苯,化学
2017,间二甲苯,化学
2018,满足,化学
2019,硝基,化学
2020,溴化铁,化学
2021,CCl4,化学
2022,羧基,化学
2023,酯基,化学
2024,教学,化学
2025,品优,化学
2026,号,化学
2027,微信号,化学
2028,学,化学
2029,赠送,化学
2030,购买,化学
2031,扫一扫,化学
2032,一份,化学
2033,淘宝店,化学
2034,微信,化学
2035,二维码,化学
2036,手机淘宝,化学
2037,上面,化学
2038,品优教学,化学
2039,扫码,化学
2040,桥,化学
2041,元素,化学
2042,氧化还 原反应,化学
2043,非氧化还原反应,化学
2044,素异形体,化学
2045,O3,化学
2046,垒,化学
2047,一致,化学
2048,升,化学
2049,相反,化学
2050,剂性,化学
2051,概括,化学
2052,降,化学
2053,失氧,化学
2054,过氧化物,化学
2055,低价,化学
2056,金属单质,化学
2057,元素化合价,化学
2058,集,化学
2059,主要表现,化学
2060,CaO2,化学
2061,失6Xe,化学
2062,④,化学
2063,取决于,化学
2064,难易程度,化学
2065,最低价,化学
2066,冷水,化学
2067,500 ℃,化学
2068,爆炸,化学
2069,强氧化剂,化学
2070,指导,化学
2071,规律,化学
2072,Br2,化学
2073,Fe反应,化学
2074,KMnO4,化学
2075,数轴,化学
2076,1.5 只,化学
2077,中间价,化学
2078,简记,化学
2079,相靠,化学
2080,相交,化学
2081,交叉,化学
2082,遵循,化学
2083,歧化反应,化学
2084,磷元素,化学
2085,NaClO3,化学
2086,硫元素,化学
2087,找准,化学
2088,等式,化学
2089,L－1K2Cr2O7,化学
2090,标准溶液,化学
2091,整合,化学
2092,氧化还原反应方程式,化学
2093,带电,化学
2094,系数,化学
2095,最小公倍数,化学
2096,升降,化学
2097,标变价,化学
2098,O,化学
2099,3,化学
2100,再利用,化学
2101,验证,化学
2102,平时,化学
2103,O原子,化学
2104,第五步,化学
2105,突破,化学
2106,补充,化学
2107,第4步,化学
2108,左边,化学
2109,右边,化学
2110,方程,化学
2111,第3步,化学
2112,产,化学
2113,锰元素,化学
2114,C2O,化学
2115,顾后,化学
2116,化学性质,化学
2117,基团,化学
2118,游离态,化学
2119,同素异形体,化学
2120,异形体,化学
2121,质子,化学
2122,原子核,化学
2123,同素,化学
2124,中子,化学
2125,概述,化学
2126,科学方法,化学
2127,事先,化学
2128,设定,化学
2129,钠盐,化学
2130,酸根离子,化学
2131,酸盐,化学
2132,CaCO3,化学
2133,有氧元素,化学
2134,酸式盐,化学
2135,根,化学
2136,酸性氧化物,化学
2137,Fe2O3,化学
2138,金属氧化物,化学
2139,非金属氧化物,化学
2140,醋酸酐,化学
2141,正盐,化学
2142,电离,化学
2143,碱式盐,化学
2144,汽化,化学
2145,定性,化学
2146,断,化学
2147,凝固,化学
2148,化学键,化学
2149,伴随,化学
2150,裂,化学
2151,推断,化学
2152,表现出,化学
2153,决定,化学
2154,变形,化学
2155,光泽,化学
2156,融化,化学
2157,冰,化学
2158,潮解,化学
2159,                    ,化学
2160,内部,化学
2161,最高价,化学
2162,浊液,化学
2163,分为,化学
2164,粒子直径,化学
2165,固溶胶,化学
2166,泥水,化学
2167,液溶胶,化学
2168,不饱和溶液,化学
2169,大分子,化学
2170,直径大小,化学
2171,气溶胶,化学
2172,乳浊液,化学
2173,豆腐,化学
2174,三角洲,化学
2175,丁达尔效应,化学
2176,静电,化学
2177,江河,化学
2178,胶粒,化学
2179,除尘,化学
2180,卤水,化学
2181,盐能,化学
2182,入海口,化学
2183,电解质溶液,化学
2184,聚,化学
2185,直径,化学
2186,0.001NA个,化学
2187,Fe(OH)3粒子,化学
2188,在一起,化学
2189,指点迷津,化学
2190,区分,化学
2191,溶物,化学
2192,弱电解质,化学
2193,强电解质,化学
2194,两性氢氧化物,化学
2195,HNO2,化学
2196,中强酸,化学
2197,ⅥA,化学
2198,ⅦA,化学
2199,过渡元素,化学
2200,氯离子,化学
2201,电流,化学
2202,水能,化学
2203,非电解质,化学
2204,12种,化学
2205,液氨,化学
2206,填入,化学
2207,⑫,化学
2208,Zn粒,化学
2209,分析出,化学
2210,HClO4,化学
2211,HBr,化学
2212,拆,化学
2213,KOH,化学
2214,酸式酸,化学
2215,拆开,化学
2216,拆分,化学
2217,浓磷酸,化学
2218,不写,化学
2219,Ca2,化学
2220,石灰,化学
2221,教材,化学
2222,FeCl,化学
2223,公约数,化学
2224,漂白粉,化学
2225,铵根离子,化学
2226,BaSO4,化学
2227,反思,化学
2228,归纳,化学
2229,多重反应离子方程式,化学
2230,丢失,化学
2231,多重反应,化学
2232,两两,化学
2233,开始阶段,化学
2234,电场,化学
2235,外加,化学
2236,弱电解质溶液,化学
2237,导体,化学
2238,正误,化学
2239,起来,化学
2240,相互促进,化学
2241,NH,化学
2242,四反应,化学
2243,络合反应,化学
2244,组,化学
2245,S2O,化学
2246,SiO反应,化学
2247,类型,化学
2248,显现,化学
2249,沉淀检验,化学
2250,显示,化学
2251,钴玻璃,化学
2252,石蕊,化学
2253,刺激性,化学
2254,品红,化学
2255,酚,化学
2256,有机层,化学
2257,否定,化学
2258,中性,化学
2259,干扰,化学
2260,指示剂,化学
2261,肯定,化学
2262,隐含,化学
2263,推出,化学
2264,进出,化学
2265,NO3)2,化学
2266,4层,化学
2267,练习,化学
2268,不做,化学
2269,原溶液,化学
2270,排除措施,化学
2271,酸化,化学
2272,排除,化学
2273,同位素,化学
2274,相对原子质量,化学
2275,核素,化学
2276,原子序数,化学
2277,核外电子,化学
2278,离子键,化学
2279,排布,化学
2280,微粒符号,化学
2281,周围,化学
2282,一类,化学
2283,互称,化学
2284,完全相同,化学
2285,氕,化学
2286,氘,化学
2287,氚,化学
2288,考古,化学
2289,氢弹,化学
2290,核燃料,化学
2291,核反应,化学
2292,种,化学
2293,水分子,化学
2294,元素符号,化学
2295,数量,化学
2296,容纳,化学
2297,核内质子,化学
2298,稀有气体元素,化学
2299,易得,化学
2300,负价,化学
2301,寻找,化学
2302,数变,化学
2303,电子轨道,化学
2304,可为,化学
2305,充满,化学
2306,稀有气体元素原子,化学
2307,L层,化学
2308,排,化学
2309,排满,化学
2310,极性键,化学
2311,相互作用,化学
2312,非极性键,化学
2313,偏向,化学
2314,除外,化学
2315,一方,化学
2316,重叠,化学
2317,共用,化学
2318,稀有气体,化学
2319,含氧酸,化学
2320,角,化学
2321,标出,化学
2322,右上,化学
2323,C:]-,化学
2324,非极性共价键,化学
2325,过氧化氢,化学
2326,极性共价键,化学
2327,元素周期律,化学
2328,元素编号,化学
2329,编排,化学
2330,横行,化学
2331,电子层数,化学
2332,递增,化学
2333,结构,化学
2334,8 周,化学
2335,三列,化学
2336,边界,化学
2337,分区,化学
2338,Ge,化学
2339,钋,化学
2340,碲,化学
2341,分界线,化学
2342,砷,化学
2343,锗,化学
2344,硅,化学
2345,交界处,化学
2346,锑,化学
2347,砹,化学
2348,左下方,化学
2349,右上方,化学
2350,各区,化学
2351,附近,化学
2352,10个,化学
2353,六十多种,化学
2354,镧系,化学
2355,15种,化学
2356,57号元素,化学
2357,71号元素,化学
2358,镥,化学
2359,第六,化学
2360,镧,化学
2361,第七,化学
2362,103号元素,化学
2363,锕,化学
2364,89号元素,化学
2365,铹,化学
2366,锕系,化学
2367,92号元素,化学
2368,锕系元素,化学
2369,铀,化学
2370,超铀元素,化学
2371,两条,化学
2372,差,化学
2373,邻主族元素,化学
2374,序数,化学
2375,短周期元素,化学
2376,同侧,化学
2377,原子序数差,化学
2378,第五,化学
2379,第二,化学
2380,同主族,化学
2381,邻周期元素,化学
2382,0族元素,化学
2383,原子序数关系,化学
2384,科学,化学
2385,新材料,化学
2386,农药,化学
2387,磷,化学
2388,探索,化学
2389,材料,化学
2390,耐高温,化学
2391,研制,化学
2392,氟,化学
2393,耐腐蚀,化学
2394,地球化学元素,化学
2395,意义,化学
2396,探矿,化学
2397,占据,化学
2398,镧系元素,化学
2399,种数,化学
2400,32种,化学
2401,第Ⅲ,化学
2402,35号元素,化学
2403,87号元素,化学
2404,钫元素,化学
2405,溴元素,化学
2406,邻近,化学
2407,主族元素,化学
2408,周,化学
2409,期律,化学
2410,原子半径,化学
2411,半径,化学
2412,水化物,化学
2413,主族,化学
2414,适合,化学
2415,左下,化学
2416,按,化学
2417,同周期元素,化学
2418,探究,化学
2419,没有关系,化学
2420,电离平衡,化学
2421,电离平衡常数,化学
2422,一动,化学
2423,恒定不变,化学
2424,冰醋酸,化学
2425,氯化铝,化学
2426,醋酸根,化学
2427,氢离子,化学
2428,能力强,化学
2429,强电解质溶液,化学
2430,电导率,化学
2431,同离子效应,化学
2432,电离常数,化学
2433,原平衡,化学
2434,25 ℃,化学
2435,约等于,化学
2436,电解质分子,化学
2437,原电解质,化学
2438,认为,化学
2439,不正确,化学
2440,次氯酸,化学
2441,硫化氢,化学
2442,甲酸,化学
2443,离子积常数,化学
2444,测定方法,化学
2445,纯水,化学
2446,亚硫酸,化学
2447,中水,化学
2448,下水,化学
2449,理清,化学
2450,关键,化学
2451,来源于,化学
2452,相对大小,化学
2453,中央,化学
2454,读取,化学
2455,pH计,化学
2456,两位,化学
2457,小数,化学
2458,一位,化学
2459,浅红色,化学
2460,甲基橙,化学
2461,橙色,化学
2462,lg,化学
2463,润湿试纸,化学
2464,酸碱,化学
2465,一元酸,化学
2466,知道,化学
2467,等量,化学
2468,未知,化学
2469,待测,化学
2470,选取,化学
2471,指示,化学
2472,酸碱指示剂,化学
2473,管夹,化学
2474,20℃,化学
2475,玻璃珠,化学
2476,橡胶管,化学
2477,活塞,化学
2478,准备,化学
2479,洗,化学
2480,记录,化学
2481,装液,化学
2482,碱液,化学
2483,注视,化学
2484,锥,化学
2485,左手,化学
2486,右手,化学
2487,眼晴,化学
2488,终点判断,化学
2489,一滴,化学
2490,半分钟,化学
2491,等到,化学
2492,2～3次,化学
2493,平均值,化学
2494,仰视,化学
2495,酸液,化学
2496,留,化学
2497,溅出,化学
2498,滴出,化学
2499,加一,化学
2500,俯视,化学
2501,2～3滴,化学
2502,L－1盐酸,化学
2503,L－1NaOH,化学
2504,接近,化学
2505,变化范围,化学
2506,突跃,化学
2507,两次,化学
2508,橙,化学
2509,L－1酸,化学
2510,盐类,化学
2511,强酸强碱盐,化学
2512,甲基红,化学
2513,滴定百分数,化学
2514,滴定分数,化学
2515,物料,化学
2516,相加,化学
2517,可得,化学
2518,第一,化学
2519,相减,化学
2520,即得,化学
2521,图像题,化学
2522,横纵坐标,化学
2523,搞清楚,化学
2524,看出,化学
2525,找,化学
2526,一半点,化学
2527,水解常数,化学
2528,水解离子方程式,化学
2529,弱酸强碱盐,化学
2530,强酸弱碱盐,化学
2531,NO3,化学
2532,挥发性物质,化学
2533,多元弱酸盐,化学
2534,写上,化学
2535,Al2,化学
2536,注明,化学
2537,弱酸酸,化学
2538,草木灰,化学
2539,混用,化学
2540,泡沫灭火器,化学
2541,解除,化学
2542,铵根,化学
2543,水解平衡,化学
2544,电离理论,化学
2545,远大于,化学
2546,水解理论,化学
2547,损失,化学
2548,多元弱酸酸,化学
2549,守恒规律,化学
2550,远远小于,化学
2551,漏掉,化学
2552,硫原子,化学
2553,分组,化学
2554,L－1CH3COOH,化学
2555,0点,化学
2556,20 ℃,化学
2557,固体溶质,化学
2558,勒夏特列原理,化学
2559,调节pH法,化学
2560,沉淀剂,化学
2561,硫化物,化学
2562,氧化还原,化学
2563,配位溶解法,化学
2564,浅黄色,化学
2565,除水垢,化学
2566,锅炉,化学
2567,矿物,化学
2568,水洗,化学
2569,试用,化学
2570,透视,化学
2571,钡餐,化学
2572,乘积,化学
2573,比较溶解度,化学
2574,溶度积常数,化学
2575,饱和Mg(OH)2,化学
2576,重组,化学
2577,做出,化学
2578,解决,化学
2579,表达,化学
2580,试题,化学
2581,培养,化学
2582,化学术语,化学
2583,流程题,化学
2584,注重,化学
2585,环保,化学
2586,预处理,化学
2587,水溶,化学
2588,陌生反应,化学
2589,无机矿物,化学
2590,指向,化学
2591,浸出,化学
2592,煅烧,化学
2593,审题,化学
2594,瞻前顾后,化学
2595,两点,化学
2596,Cu(OH)2,化学
2597,控制温度,化学
2598,损耗,化学
2599,冰水,化学
2600,洗去,化学
2601,结晶水合物,化学
2602,pH范围,化学
2603,二氧化锰,化学
2604,硫化锰,化学
2605,酸度,化学
2606,镍,化学
2607,正极,化学
2608,锂离子电池,化学
2609,钴,化学
2610,三元,化学
2611,表格,化学
2612,硅酸盐,化学
2613,硫化锰矿,化学
2614,代数,化学
2615,硅元素,化学
2616,草酸,化学
2617,双氧水,化学
2618,钛离子,化学
2619,油相,化学
2620,钪,化学
2621,保留,化学
2622,有效数字,化学
2623,草酸钪,化学
2624,含钪量,化学
2625,Sc2O3,化学
2626,0.023Vg,化学
2627,浸取率,化学
2628,答,化学
2629,完全时,化学
2630,Cr3,化学
2631,率,化学
2632,速度,化学
2633,回收,化学
2634,延长,化学
2635,一化,化学
2636,转,化学
2637,铅,化学
2638,50~60 ℃,化学
2639,三盐,化学
2640,铅元素,化学
2641,合理,化学
2642,碳酸铅,化学
2643,硫酸铅,化学
2644,SO(aq,化学
2645,浮选,化学
2646,赶,化学
2647,精矿,化学
2648,辉铜矿,化学
2649,副产品,化学
2650,滤渣Ⅰ,化学
2651,温度控制,化学
2652,不宜,化学
2653,50～60 ℃,化学
2654,最适宜,化学
2655,小数点,化学
2656,温度过高,化学
2657,温度过低,化学
2658,赶出,化学
2659,铁离子,化学
2660,碳酸锰,化学
2661,碳酸氢铵,化学
2662,硫酸锰,化学
2663,硫酸钡,化学
2664,化学工艺流程题,化学
2665,跟踪,化学
2666,回头,化学
2667,前面,化学
2668,后面,化学
2669,标注,化学
2670,有用,化学
2671,染,化学
2672,主产品,化学
2673,能源,化学
2674,热能,化学
2675,燃烧热,化学
2676,焓变,化学
2677,发展,化学
2678,中和热,化学
2679,能量转化,化学
2680,盖斯定律,化学
2681,社会,化学
2682,热化学方程式,化学
2683,可燃物,化学
2684,金刚石,化学
2685,800 ℃,化学
2686,负值,化学
2687,定为,化学
2688,稳定氧化物,化学
2689,海洋,化学
2690,新能源,化学
2691,开发,化学
2692,办法,化学
2693,节约,化学
2694,开源节流,化学
2695,地热能,化学
2696,氢能,化学
2697,可再生能源,化学
2698,生物质能,化学
2699,太阳能,化学
2700,开采,化学
2701,改善,化学
2702,利用效率,化学
2703,再生,化学
2704,发庄,化学
2705,ΔH＝－,化学
2706,环形玻璃,化学
2707,泡沫,化学
2708,搅拌棒,化学
2709,隔热,化学
2710,保温,化学
2711,泡沫塑料,化学
2712,纸条,化学
2713,泡沫塑料板,化学
2714,保证,化学
2715,铜丝,化学
2716,开发利用,化学
2717,依赖,化学
2718,PM2.5,化学
2719,稀醋酸,化学
2720,始态,化学
2721,102,化学
2722,构造,化学
2723,电池,化学
2724,化学电源,化学
2725,燃料电池,化学
2726,电能,化学
2727,自发,化学
2728,闭合回路,化学
2729,电流表,化学
2730,流向,化学
2731,电路,化学
2732,Zn片,化学
2733,导线,化学
2734,负极,化学
2735,流出,化学
2736,减轻,化学
2737,流入,化学
2738,正负极,化学
2739,分成,化学
2740,回路,化学
2741,闭合,化学
2742,防护,化学
2743,保护,化学
2744,金属制品,化学
2745,介质,化学
2746,持续时间长,化学
2747,流,化学
2748,工作,化学
2749,阴阳,化学
2750,锌锰干电池,化学
2751,外壳,化学
2752,锌粉,化学
2753,锌银电池,化学
2754,隔板,化学
2755,氧化银,化学
2756,锂电池,化学
2757,反应式,化学
2758,心脏起搏器,化学
2759,铅蓄电池,化学
2760,PbO2,化学
2761,二次电池,化学
2762,阳极反应,化学
2763,阴极反应,化学
2764,充电,化学
2765,放电,化学
2766,充电电池,化学
2767,阳极,化学
2768,电源,化学
2769,成熟,化学
2770,氢氧燃料电池,化学
2771,时间长,化学
2772,一次,化学
2773,电解池,化学
2774,碱性电解质,化学
2775,正极反应式,化学
2776,传导,化学
2777,阳,化学
2778,电解槽,化学
2779,相连,化学
2780,活性电极,化学
2781,加以,化学
2782,含氧酸根,化学
2783,优先,化学
2784,生碱型,化学
2785,生酸型,化学
2786,电解水,化学
2787,水量,化学
2788,让,化学
2789,恢复原状,化学
2790,淀粉碘化钾试纸,化学
2791,电化学,化学
2792,靠近,化学
2793,证明,化学
2794,淀粉试纸,化学
2795,阻止,化学
2796,镀上,化学
2797,电镀液,化学
2798,电镀,化学
2799,镀铁,化学
2800,纯铜,化学
2801,阳极泥,化学
2802,底部,化学
2803,沉积,化学
2804,成为,化学
2805,阴极反应式,化学
2806,镀件,化学
2807,电解氧化铝,化学
2808,电化学腐蚀,化学
2809,吸氧,化学
2810,析氢,化学
2811,铁锈,化学
2812,电化学防护,化学
2813,牺牲,化学
2814,金属设备,化学
2815,防腐,化学
2816,涂,化学
2817,喷镀,化学
2818,喷,化学
2819,油漆,化学
2820,船体,化学
2821,减缓,化学
2822,嵌入,化学
2823,锌块,化学
2824,直流电源,化学
2825,接,化学
2826,离子交换膜,化学
2827,综合计算,化学
2828,熟悉,化学
2829,池,化学
2830,串联,化学
2831,外接电源,化学
2832,串联电解池,化学
2833,磷酸,化学
2834,多孔电极,化学
2835,金属催化剂,化学
2836,阳极反应式,化学
2837,外接,化学
2838,电化学原理,化学
2839,MgSO4,化学
2840,电极质量,化学
2841,墨,化学
2842,工业废水,化学
2843,氮离子,化学
2844,废水,化学
2845,甲池,化学
2846,丙池,化学
2847,CH3OH电极,化学
2848,电镀池,化学
2849,乙池,化学
2850,换,化学
2851,隔膜,化学
2852,隔离,化学
2853,通过,化学
2854,只允许,化学
2855,质子交换膜,化学
2856,去离子水,化学
2857,避免,化学
2858,比例式,化学
2859,串联电路,化学
2860,电量,化学
2861,得失电子守恒定律,化学
2862,快速解答,化学
2863,熟记,化学
2864,总揽,化学
2865,质谱,化学
2866,光谱,化学
2867,命名,化学
2868,核磁共振,化学
2869,手性异构体,化学
2870,氢谱,化学
2871,酮基,化学
2872,甘氨酸,化学
2873,酮,化学
2874,卤代烃,化学
2875,醚键,化学
2876,溴乙烷,化学
2877,羰基,化学
2878,醚,化学
2879,炔烃,化学
2880,氨基,化学
2881,丙酮,化学
2882,卤素,化学
2883,卤键,化学
2884,H元素,化学
2885,OCHO,化学
2886,C- C,化学
2887,芳香化合物,化学
2888,醇类,化学
2889,丁烯,化学
2890,键线式,化学
2891,2-丙醇,化学
2892,正丙基,化学
2893,异丙基,化学
2894,CHCH,化学
2895,最近,化学
2896,合并,化学
2897,类似,化学
2898,字,化学
2899,阿拉伯数,化学
2900,阿拉伯数字,化学
2901,定位,化学
2902,烯,化学
2903,聚合物,化学
2904,看待,化学
2905,系统命名法,化学
2906,所在,化学
2907,"1,2-二甲苯",化学
2908,"1,3-二甲苯",化学
2909,"1,4-二甲苯",化学
2910,  ,化学
2911,戊烯,化学
2912,三己烯,化学
2913,1-丁烯,化学
2914,己二烯,化学
2915,CCCHCHCH-CH,化学
2916,二氯乙烷,化学
2917,硝基丁酸,化学
2918,3-己酸,化学
2919,COOH,化学
2920,乙基己烷,化学
2921,1-戊炔,化学
2922,均三甲苯,化学
2923,己烷,化学
2924,氯丙烯,化学
2925,丁二烯,化学
2926,CH2丙烯醇,化学
2927,"1,2-丙二醇",化学
2928,对苯二甲酸,化学
2929,HOOC,化学
2930,氯丙烷,化学
2931,聚丙烯酸钠,化学
2932,树脂,化学
2933,"2,4,6-三甲基苯酚",化学
2934,乙二酸二乙酯,化学
2935,苯乙炔,化学
2936,丙二醛,化学
2937,C CH,化学
2938,OHCCH2CHO,化学
2939,不当,化学
2940,不包含,化学
2941,基位,化学
2942,不分,化学
2943,忘记,化学
2944,用错,化学
2945,炔,化学
2946,五个,化学
2947,六个,化学
2948,苯型,化学
2949,十二个,化学
2950,恰当,化学
2951,迁移,化学
2952,对位,化学
2953,中心,化学
2954,炔基,化学
2955,11个,化学
2956,芳香醚,化学
2957,环烯烃,化学
2958,二烯烃,化学
2959,烯醇,化学
2960,芳香醇,化学
2961,团,化学
2962,类比,化学
2963,同类,化学
2964,OOCH,化学
2965,分子式       ,化学
2966,       确定,化学
2967,所选,化学
2968,二氯甲烷,化学
2969,石油醚,化学
2970,固—液萃取,化学
2971,元素分析,化学
2972,李比希,化学
2973,氧原子,化学
2974,鉴定,化学
2975,现代,化学
2976,推算,化学
2977,无机,化学
2978,质谱法,化学
2979,最大值,化学
2980,相对质量,化学
2981,碎片,化学
2982,确认,化学
2983,特征反应,化学
2984,甲酸酯,化学
2985,有机分子,化学
2986,银镜反应,化学
2987,红外光谱,化学
2988,振动,化学
2989,红外线,化学
2990,上将,化学
2991,频率,化学
2992,核磁共振氢谱,化学
2993,面积,化学
2994,不饱和度,化学
2995,碳氢质量,化学
2996,碳氢,化学
2997,峰面积,化学
2998,元素分析仪,化学
2999,夹持,化学
3000,固体有机物,化学
3001,测定装置,化学
3002,同学,化学
3003,结束,化学
3004,试验,化学
3005,改进,化学
3006,己六醇,化学
3007,CH2OH,化学
3008,实验式,化学
3009,综合分析,化学
3010,有机化,化学
3011,合物,化学
3012,烷,化学
3013,饱和链烃,化学
3014,脂肪烃,化学
3015,链烃,化学
3016,1～4个,化学
3017,相对密度,化学
3018,过渡,化学
3019,卤代反应,化学
3020,气态烷烃,化学
3021,不褪色,化学
3022,燃烧现象,化学
3023,延伸,化学
3024,丁酮,化学
3025,琥珀酸,化学
3026,聚乙炔,化学
3027,CH-CH 2,化学
3028,硝化反应,化学
3029,NO 2,化学
3030,Br,化学
3031,硝化,化学
3032,CH 3,化学
3033,卤代,化学
3034,CH 3 Br,化学
3035,Cl,化学
3036,5,化学
3037,环己烷,化学
3038,苯乙烯,化学
3039,三硝基甲苯,化学
3040,10种,化学
3041,H00C,化学
3042,一氯代烃,化学
3043,一氟代烃,化学
3044,C2H5Br,化学
3045,消去反应,化学
3046,几个,化学
3047,脱去,化学
3048,不饱和烃,化学
3049,卤化氢,化学
3050,CH Br,化学
3051,CHCl,化学
3052,后方,化学
3053,乙醇溶液,化学
3054,邻位,化学
3055,CH²Br,化学
3056,"1,2­丙二醇",化学
3057,硝酸银,化学
3058,Br Br,化学
3059,相互影响,化学
3060,一元醇,化学
3061,乙二醇,化学
3062,二元醇,化学
3063,丙三醇,化学
3064,脂肪醇,化学
3065,三元醇,化学
3066,木醇,化学
3067,木精,化学
3068,直链饱和一元醇,化学
3069,递变,化学
3070,低级,化学
3071,部位,化学
3072,1-丙醇,化学
3073,CH CH 2 OH OH,化学
3074,	④,化学
3075,活泼金属钠,化学
3076,CH-OH,化学
3077,ONa 2,化学
3078,粉红色,化学
3079,置,化学
3080,65℃,化学
3081,石炭酸,化学
3082,ONa,化学
3083,OH Br Br Br,化学
3084,缩聚反应,化学
3085,三溴苯酚,化学
3086,CH OH,化学
3087,苯甲醇,化学
3088,蚁醛,化学
3089,H2,化学
3090,RCH HR,化学
3091,共价,化学
3092,甲酸酯类,化学
3093,丙醛,化学
3094,mol银,化学
3095,3-戊烯,化学
3096,煮沸,化学
3097,弱氧化剂,化学
3098,RCOOH,化学
3099,防腐剂,化学
3100,饱和一元脂肪酸,化学
3101,芳香酸,化学
3102,乙二酸,化学
3103,苯甲酸,化学
3104,网,化学
3105,无机酸,化学
3106,多元醇,化学
3107,聚酯,化学
3108,CH OH 2 OH,化学
3109,COOCH,化学
3110,环酯,化学
3111,HOCCOCH,化学
3112,COO,化学
3113,低级脂肪酸,化学
3114,COOH HOCH OH,化学
3115,COONa HOCH OH,化学
3116,COONa,化学
3117,弱酸性,化学
3118,合成高分子,化学
3119,经济,化学
3120,脱氧核糖核酸,化学
3121,生活质量,化学
3122,高新技术,化学
3123,生物,化学
3124,核糖核酸,化学
3125,脱水缩合物,化学
3126,碳水化合物,化学
3127,mol糖,化学
3128,低聚糖,化学
3129,糖,化学
3130,发酵,化学
3131,核糖,化学
3132,戊糖,化学
3133,脱氧核糖,化学
3134,核酸,化学
3135,遗传物质,化学
3136,环式,化学
3137,天然有机高分子化合物,化学
3138,磷脂,化学
3139,碱基,化学
3140,核糖核,化学
3141,RNA,化学
3142,苷酸,化学
3143,核苷酸,化学
3144,简单甘油酯,化学
3145,饱和脂肪酸,化学
3146,不饱和脂肪酸,化学
3147,天然油脂,化学
3148,硬化,化学
3149,油酸甘油酯,化学
3150,人造脂肪,化学
3151,也称,化学
3152,硬脂酸甘油酯,化学
3153,水解反应方程式,化学
3154,有机高分子化合物,化学
3155,有机小分子,化学
3156,用以,化学
3157,学生,化学
3158,蓝,化学
3159,解液,化学
3160,易错,化学
3161,实验失败,化学
3162,胺,化学
3163,氮原子,化学
3164,酰胺,化学
3165,酰基,化学
3166,蛋白质水解,化学
3167,两性,化学
3168,两性化合物,化学
3169,酸性基团,化学
3170,碱性基团,化学
3171,NaOH反应,化学
3172,成肽反应,化学
3173,肽,化学
3174,缩合,化学
3175,二肽,化学
3176,X射线,化学
3177,蛋,化学
3178,纺织品,化学
3179,白质,化学
3180,生物催化剂,化学
3181,烧碱,化学
3182,低分子化合物,化学
3183,酚醛树脂,化学
3184,低压,化学
3185,高压聚乙烯,化学
3186,子化,化学
3187,断开,化学
3188,右下,化学
3189,单烯烃,化学
3190,添,化学
3191,CH CH n CH 3,化学
3192,两头,化学
3193,添上,化学
3194,聚合,化学
3195,nCHCH,化学
3196,π,化学
3197,外侧,化学
3198,缩合聚合物,化学
3199,余下,化学
3200,加成聚合物,化学
3201,缩聚物,化学
3202,不确定,化学
3203,加聚物,化学
3204,端,化学
3205,方括号,化学
3206,聚酯类,化学
3207,缩聚,化学
3208,聚氨基酸,化学
3209,聚丙烯,化学
3210,聚苯乙烯,化学
3211,n,化学
3212,ECH CH²n,化学
3213,涤纶,化学
3214,氯丁橡胶,化学
3215,ECH C1,化学
3216,引,化学
3217,绿色化学,化学
3218,增长,化学
3219,HCN,化学
3220,羟醛,化学
3221,烷基化反应,化学
3222,减短,化学
3223,脱羧反应,化学
3224,H²C CH 0,化学
3225,羟基酸,化学
3226,CH2,化学
3227,消去,化学
3228,衍变,化学
3229,对硝基甲苯,化学
3230,对氨基苯甲酸,化学
3231,CH²CHCH,化学
3232,合适,化学
3233,主要原料,化学
3234,呈现,化学
3235,推断题,化学
3236,框,化学
3237,变相,化学
3238,饱和溴水,化学
3239,变黄,化学
3240,卤素单质,化学
3241,第一种,化学
3242,CCOOH,化学
3243,C CH CH,化学
3244,缩短,化学
3245,R,化学
3246,氰化钠,化学
3247,氰化物,化学
3248,水处理,化学
3249,经过,化学
3250,臭氧,化学
3251,H原子,化学
3252,环己烯,化学
3253,环化,化学
3254,"1,3-丁二烯",化学
3255,六元,化学
3256,首选方法,化学
3257,羟醛缩合,化学
3258,羟醛缩合反应,化学
3259,胆固醇,化学
3260,西安,化学
3261,双安妥明,化学
3262,血液,化学
3263,质检,化学
3264,红磷,化学
3265,C:,化学
3266,OCHCOOH,化学
3267,3组,化学
3268,4,化学
3269,HCOO,化学
3270,猜想,化学
3271,分析流程,化学
3272,有机化学,化学
3273,结构特点,化学
3274,抗肿瘤药物,化学
3275,中间体,化学
3276,江苏,化学
3277,解读,化学
3278,氯代有机酸,化学
3279,环状化合物,化学
3280,CHCOOH,化学
3281,HOOCCHCH,化学
3282,推,化学
3283,有了,化学
3284,四氢呋喃,化学
3285,步反应,化学
3286,参照,化学
3287,二溴乙烷,化学
3288,"1,2-二溴乙烷",化学
3289,两组,化学
3290,无机试剂,化学
3291,任选,化学
3292,乙酸正丁酯,化学
3293,1-戊醇,化学
3294,正丁醇,化学
3295,酯类化合物,化学
3296,15个,化学
3297,两类,化学
3298,辣椒素,化学
3299,OCH 3 OCH 3,化学
3300,C:H.O,化学
3301,氨基乙酸,化学
3302,CH3OH,化学
3303,苯乙醛,化学
3304,结构简式,化学
3305,CHCOOCH,化学
3306,OH CH CN 2,化学
3307,1～36号,化学
3308,跃迁,化学
3309,排布原理,化学
3310,原子轨道,化学
3311,能层(n),化学
3312,能级,化学
3313,电子云轮廓图,化学
3314,轮廓图,化学
3315,区域,化学
3316,给出,化学
3317,哑铃,化学
3318,占有,化学
3319,基态,化学
3320,构造原理,化学
3321,3d,化学
3322,都需要,化学
3323,泡,化学
3324,自旋,化学
3325,s,化学
3326,洪特规则,化学
3327,个,化学
3328,电子排布式,化学
3329,简化,化学
3330,激发态,化学
3331,发射,化学
3332,摄取,化学
3333,光谱仪,化学
3334,轨道能量,化学
3335,违背,化学
3336,洪特,化学
3337,每周期,化学
3338,第一个,化学
3339,价层,化学
3340,第Ⅷ族,化学
3341,钯,化学
3342,正离子,化学
3343,同族,化学
3344,标度,化学
3345,能力,化学
3346,计,化学
3347,三角区,化学
3348,差值,化学
3349,电负性值,化学
3350,互斥,化学
3351,配位键,化学
3352,杂化,化学
3353,氢键,化学
3354,用价,化学
3355,列举,化学
3356,σ键,化学
3357,π键,化学
3358,范德华力,化学
3359,偏移,化学
3360,三对,化学
3361,碰头,化学
3362,两对,化学
3363,一对,化学
3364,非金属元素原子,化学
3365,夹角,化学
3366,参数,化学
3367,间距,化学
3368,分子性质,化学
3369,等电子体,化学
3370,电子体,化学
3371,伴有,化学
3372,这时候,化学
3373,原子价电子,化学
3374,方向性,化学
3375,平均键,化学
3376,排斥,化学
3377,相距,化学
3378,力,化学
3379,对数,化学
3380,价层电子对,化学
3381,加上,化学
3382,接受,化学
3383,示例分析,化学
3384,孤电子对数,化学
3385,四面体形,化学
3386,电子对数,化学
3387,立体,化学
3388,价层电子对数,化学
3389,混杂,化学
3390,轨道数,化学
3391,轨道数目,化学
3392,对,化学
3393,另一方,化学
3394,配合物,化学
3395,配位原子,化学
3396,配位数,化学
3397,配体,化学
3398,中中心,化学
3399,分子构型,化学
3400,体形,化学
3401,四面,化学
3402,分子间作用力,化学
3403,相互作用力,化学
3404,作用力,化学
3405,裸露,化学
3406,饱和性,化学
3407,重合,化学
3408,极性分子,化学
3409,非极性分子,化学
3410,极性溶剂,化学
3411,非极性溶质,化学
3412,非极性溶剂,化学
3413,极性溶质,化学
3414,戊醇,化学
3415,憎水基,化学
3416,正电性,化学
3417,酸元素,化学
3418,三维空间,化学
3419,手性分子,化学
3420,异构体,化学
3421,如。,化学
3422,nH2O,化学
3423,可燃,化学
3424,中都,化学
3425,电性,化学
3426,Se,化学
3427,金属键,化学
3428,原子晶体,化学
3429,微粒间作用力,化学
3430,离子晶体,化学
3431,分子晶体,化学
3432,晶胞,化学
3433,描述,化学
3434,堆积,化学
3435,金属晶体,化学
3436,非晶体,化学
3437,衍射,化学
3438,单元,化学
3439,无隙,化学
3440,间隙,化学
3441,份额,化学
3442,分得,化学
3443,顶点,化学
3444,视,化学
3445,缺,化学
3446,六面体,化学
3447,可靠,化学
3448,c离子,化学
3449,酸类,化学
3450,汞,化学
3451,依靠,化学
3452,K2O,化学
3453,非金属氢化物,化学
3454,SiC,化学
3455,铯,化学
3456,非导体,化学
3457,极性非金属氢化物,化学
3458,机械,化学
3459,碳化硅,化学
3460,不相似,化学
3461,氩,化学
3462,晶体硅,化学
3463,硅原子,化学
3464,十二元,化学
3465,等距,化学
3466,冰晶体,化学
3467,紧邻,化学
3468,干冰,化学
3469,冰晶,化学
3470,NaCl型,化学
3471,位数,化学
3472,CsCl型,化学
3473,拥有,化学
3474,C原子,化学
3475,立方,化学
3476,体心立方,化学
3477,心,化学
3478,粒子间作用力,化学
3479,距离,化学
3480,总体积,化学
3481,V晶胞,化学
3482,长,化学
3483,面对,化学
3484,h 2r,化学
3485,底面,化学
3486,一个角,化学
3487,边长,化学
3488,面对角线,化学
3489,OAs,化学
3490,做到,化学
3491,生,化学
3492,备,化学
3493,尾气,化学
3494,反应装置,化学
3495,制备原理,化学
3496,孔,化学
3497,板,化学
3498,除杂装置,化学
3499,气体杂质,化学
3500,碱性物质,化学
3501,酸性物质,化学
3502,排气,化学
3503,排尽装置,化学
3504,充分利用,化学
3505,流速,化学
3506,玻璃管,化学
3507,堵塞,化学
3508,平衡气压,化学
3509,压送液体,化学
3510,压入,化学
3511,倒,化学
3512,低温,化学
3513,常考,化学
3514,温度控制方式,化学
3515,100～260 ℃,化学
3516,双层,化学
3517,玻璃容器,化学
3518,真空,化学
3519,阅读,化学
3520,认真,化学
3521,陌生,化学
3522,陌生反应原理,化学
3523,地方,化学
3524,通读,化学
3525,正确答案,化学
3526,剖析,化学
3527,答非所问,化学
3528,关闭,化学
3529,二价铬,化学
3530,采,化学
3531,答题,化学
3532,亮蓝色,化学
3533,氯化铬,化学
3534,化学用语,化学
3535,封闭,化学
3536,琢磨,化学
3537,三价铬,化学
3538,问,化学
3539,简,化学
3540,醋酸亚铬,化学
3541,干,化学
3542,大气压,化学
3543,敞开,化学
3544,集训,化学
3545,饱和碳酸,化学
3546,氢钠,化学
3547,过氧化锶,化学
3548,填序号,化学
3549,水滴,化学
3550,装入,化学
3551,8H2O,化学
3552,SrO2,化学
3553,氯化亚铁,化学
3554,硫氰化钾,化学
3555,锶,化学
3556,甲组,化学
3557,多孔,化学
3558,乙组,化学
3559,丙组,化学
3560,MnSO4,化学
3561,玻璃丝,化学
3562,管式炉,化学
3563,丁组,化学
3564,氯酸钾,化学
3565,亚硫酸盐,化学
3566,用品,化学
3567,三氧化硫,化学
3568,高锰酸根,化学
3569,硫酸根,化学
3570,氯化钡,化学
3571,把握,化学
3572,验,化学
3573,LV,化学
3574,熟知,化学
3575,考,化学
3576,杂方,化学
3577,实验仪,化学
3578,提,化学
3579,机物,化学
3580,供,化学
3581,滴液,化学
3582,三颈烧瓶,化学
3583,冷却方式,化学
3584,沙浴,化学
3585,电炉,化学
3586,火焰温度,化学
3587,400～500 ℃,化学
3588,长玻璃管,化学
3589,与此相同,化学
3590,出水口,化学
3591,进水口,化学
3592,气体混合物,化学
3593,蜜蜂,化学
3594,乙酸异戊酯,化学
3595,信息素,化学
3596,香蕉,化学
3597,异戊醇,化学
3598,数滴,化学
3599,2～3片,化学
3600,分出,化学
3601,倒入,化学
3602,反应液,化学
3603,140～143 ℃,化学
3604,片刻,化学
3605,纯化,化学
3606,第二次,化学
3607,第一次,化学
3608,安装,化学
3609,p C,化学
3610,操作时,化学
3611,130 ℃,化学
3612,第(4,化学
3613,参见,化学
3614,命题,化学
3615,第(5,化学
3616,第(3,化学
3617,第(6,化学
3618,第(2,化学
3619,COOK,化学
3620,KCl,化学
3621,装有,化学
3622,开启,化学
3623,回流液,化学
3624,冰水浴,化学
3625,饱和亚硫酸氢钠,化学
3626,定容,化学
3627,三次,化学
3628,标号,化学
3629,mL,化学
3630,估算,化学
3631,散热,化学
3632,效果好,化学
3633,亚硫酸氢钠,化学
3634,mol苯甲酸,化学
3635,mol甲苯,化学
3636,理论产量,化学
3637,王过,化学
3638,6H20,化学
3639,有机相,化学
3640,83℃,化学
3641,161℃,化学
3642,水相,化学
3643,弃去,化学
3644,燥滤,化学
3645,环己醇,化学
3646,略去,化学
3647,炭化,化学
3648,补齐,化学
3649,83 ℃,化学
3650,扣除,化学
3651,用字母表示,化学
3652,冷凝水,化学
3653,bc,化学
3654,有毒气体,化学
3655,丙炔酸,化学
3656,丙炔酸甲酯,化学
3657,分液法,化学
3658,无机相,化学
3659,蒸出来,化学
3660,综合实验,化学
3661,嗅,化学
3662,四类,化学
3663,专一,化学
3664,特效反应,化学
3665,沉淀法,化学
3666,测气体体积法,化学
3667,量气装置,化学
3668,测气体质量法,化学
3669,求得,化学
3670,滴定法,化学
3671,操作原理,化学
3672,热重法,化学
3673,得失电子守恒法,化学
3674,失水,化学
3675,失重,化学
3676,总量,化学
3677,残留率,化学
3678,水源,化学
3679,小组,化学
3680,水中溶氧量,化学
3681,指标,化学
3682,饮用,化学
3683,水体,化学
3684,生活,化学
3685,地表水环境质量标准,化学
3686,天津,化学
3687,河水,化学
3688,自净,化学
3689,mg,化学
3690,稳压,化学
3691,单向,化学
3692,进气阀,化学
3693,电磁,化学
3694,无氧溶液,化学
3695,…,化学
3696,忽略,化学
3697,注射器,化学
3698,达标,化学
3699,pH过低,化学
3700,氧化还原方程式,化学
3701,误差分析,化学
3702,氧化还原滴定,化学
3703,中和滴定,化学
3704,实验仪器,化学
3705,快速完成,化学
3706,锰酸钾,化学
3707,一处,化学
3708,碱式,化学
3709,酸式,化学
3710,实际体积,化学
3711,Fe2,化学
3712,75 ℃,化学
3713,2H2O,化学
3714,加装,化学
3715,气瓶,化学
3716,酸式 C,化学
3717,xxzz,化学
3718,yy,化学
3719,MnO,化学
3720,质量分数表达式,化学
3721,H2C2O4,化学
3722,C2O4,化学
3723,称重,化学
3724,固体质量,化学
3725,调整,化学
3726,E管,化学
3727,气体密度,化学
3728,dg,化学
3729,计算表达式,化学
3730,同样,化学
3731,否,化学
3732,POCl3,化学
3733,法制,化学
3734,PC,化学
3735,磷酸银,化学
3736,氯化氢,化学
3737,60～65 ℃,化学
3738,L－1AgNO3,化学
3739,硝基苯,化学
3740,用力,化学
3741,覆盖,化学
3742,SO4)2,化学
3743,四位,化学
3744,优化,化学
3745,尊重,化学
3746,交流,化学
3747,独立思考,化学
3748,学科,化学
3749,新课程标准,化学
3750,设想,化学
3751,批判,化学
3752,敢于,化学
3753,迷信,化学
3754,质疑,化学
3755,提出,化学
3756,寻求,化学
3757,得出结论,化学
3758,目,化学
3759,硫酸盐溶液,化学
3760,北京,化学
3761,L－1CuSO4,化学
3762,变绿,化学
3763,L－1Na2SO3,化学
3764,证实,化学
3765,两份,化学
3766,清液,化学
3767,克,化学
3768,Al2(SO3)3,化学
3769,亚硫酸根,化学
3770,中亚,化学
3771,.,化学
3772,固液,化学
3773,臭鸡蛋,化学
3774,沉降,化学
3775,硫单质,化学
3776,硫化铜,化学
3777,H2SO3,化学
3778,亚硫酸钠,化学
3779,硫化钠,化学
3780,石墨电极,化学
3781,电迁移率,化学
3782,未见,化学
3783,刻蚀,化学
3784,Fe2(SO4)3,化学
3785,铁电极,化学
3786,盐桥,化学
3787,石墨电极反应式,化学
3788,SO4)3,化学
3789,一氧化碳还原氧化铜,化学
3790,Si元素单质,化学
3791,足球,化学
3792,结,化学
3793,强氧化性酸,化学
3794,汽水,化学
3795,温室效应,化学
3796,CO CO2,化学
3797,易结合血红蛋白,化学
3798,植物肥料,化学
3799,炭,化学
3800,H2CO3,化学
3801,可溶,化学
3802,酸雨,化学
3803,雨水,化学
3804,氨化,化学
3805,O22CO2,化学
3806,芯片,化学
3807,灰黑色,化学
3808,半导体材料,化学
3809,2CO个,化学
3810,太阳能电池,化学
3811,SiO3,化学
3812,透明晶体,化学
3813,部件,化学
3814,光导纤维,化学
3815,CaSiO3,化学
3816,石英晶体,化学
3817,光学仪器,化学
3818,水晶,化学
3819,石英,化学
3820,硅胶,化学
3821,可溶性硅酸盐,化学
3822,化学元素,化学
3823,岩石,化学
3824,硅酸钠,化学
3825,水玻璃,化学
3826,硅酸,化学
3827,耐火阻燃材料,化学
3828,黏合剂,化学
3829,隔开,化学
3830,长石,化学
3831,硅酸盐材料,化学
3832,水泥,化学
3833,无机非金属材料,化学
3834,陶瓷,化学
3835,水泥回转窑,化学
3836,玻璃窑,化学
3837,设备,化学
3838,黏土,化学
3839,陶瓷窑,化学
3840,石灰石,化学
3841,模具,化学
3842,叶片,化学
3843,生物陶瓷,化学
3844,半导体,化学
3845,氧化铝陶瓷,化学
3846,光学,化学
3847,集成电路,化学
3848,氮化硅陶瓷,化学
3849,照明,化学
3850,电学,化学
3851,汽轮机,化学
3852,轴承,化学
3853,特性,化学
3854,承受,化学
3855,半导体陶瓷,化学
3856,人造关节,化学
3857,光学材料,化学
3858,通讯,化学
3859,光缆,化学
3860,二氧化锡,化学
3861,接骨螺钉,化学
3862,人造骨骼,化学
3863,高纯硅,化学
3864,氯元素单质,化学
3865,闻,化学
3866,扇动,化学
3867,鼻孔,化学
3868,飘进,化学
3869,手,化学
3870,SiCl4,化学
3871,棕红色,化学
3872,碘化钾,化学
3873,苍白色,化学
3874,新制氯水,化学
3875,照射,化学
3876,次氯酸盐,化学
3877,现用现配,化学
3878,Ca(C1O)2,化学
3879,失效,化学
3880,漂白液,化学
3881,亚硫酸钙,化学
3882,改为,化学
3883,Cl元素,化学
3884,衣物,化学
3885,消毒液,化学
3886,洁厕灵,化学
3887,KClO3,化学
3888,水法,化学
3889,品红试纸,化学
3890,净化装置,化学
3891,尾气吸收装置,化学
3892,收集装置,化学
3893,发生装置,化学
3894,加热温度,化学
3895,排出,化学
3896,拆卸,化学
3897,紫黑色,化学
3898,易到,化学
3899,淡黄,化学
3900,深红,化学
3901,I2反应,化学
3902,加碘盐,化学
3903,KIO3,化学
3904,火山,化学
3905,岩层,化学
3906,喷口,化学
3907,硫黄,化学
3908,纯氧,化学
3909,不慎,化学
3910,洒落,化学
3911,漂白性,化学
3912,色质,化学
3913,16.8 ℃,化学
3914,44.8 ℃,化学
3915,CaO,化学
3916,H20,化学
3917,治理,化学
3918,脱硫,化学
3919,矿石,化学
3920,治,化学
3921,健康,化学
3922,技术,化学
3923,标况,化学
3924,纸浆,化学
3925,室内,化学
3926,总质量,化学
3927,变黑,化学
3928,槽车,化学
3929,水垢,化学
3930,BaCl2反应,化学
3931,Ba(NO3)2,化学
3932,变稀,化学
3933,常见药品,化学
3934,中学,化学
3935,H2SO4制,化学
3936,石蕊试纸,化学
3937,陌生物质,化学
3938,台阶,化学
3939,高价态粒子,化学
3940,化工产品,化学
3941,工艺流程,化学
3942,Fe2(SO4,化学
3943,工艺,化学
3944,欲,化学
3945,S元素,化学
3946,海波,化学
3947,大苏打,化学
3948,分析化学,化学
3949,脱氯剂,化学
3950,Na2S2O3,化学
3951,Na2S2O4,化学
3952,保险,化学
3953,还原亚硫酸氢钠,化学
3954,连二亚硫酸钠,化学
3955,过氧键,化学
3956,Na2S2O8,化学
3957,互换,化学
3958,模拟,化学
3959,得不到,化学
3960,浑浊物,化学
3961,硫代硫酸钠,化学
3962,氮元素,化学
3963,体内,化学
3964,土壤,化学
3965,动植物,化学
3966,固氮,化学
3967,一分,化学
3968,高压,化学
3969,N2O5,化学
3970,N2O3,化学
3971,N2O,化学
3972,大气污染物,化学
3973,光化学,化学
3974,光化学反应,化学
3975,排入,化学
3976,大气,化学
3977,雨雪,化学
3978,辐射,化学
3979,使人,化学
3980,血红蛋白,化学
3981,中毒,化学
3982,工业尾气,化学
3983,无毒气体,化学
3984,固氮反应,化学
3985,向上排空气法,化学
3986,还原性化合物,化学
3987,还原性物质,化学
3988,-NO,化学
3989,遇到,化学
3990,苯基,化学
3991,锌粒,化学
3992,Cu(NO3,化学
3993,等离子,化学
3994,忽视,化学
3995,Cu片,化学
3996,这时,化学
3997,硝酸根,化学
3998,蘸有,化学
3999,颗粒,化学
4000,避光,化学
4001,魔棒,化学
4002,定制,化学
4003,碱性气体,化学
4004,硝酸铵,化学
4005,棉花,化学
4006,向下排空气法,化学
4007,一团,化学
4008,对流,化学
4009,促使,化学
4010,浓氨水,化学
4011,触,化学
4012,防污,化学
4013,环境,化学
4014,倒扣,化学
4015,150℃,化学
4016,101.5℃,化学
4017,制冷,化学
4018,管道,化学
4019,漏气,化学
4020,简述,化学
4021,舞台幕布,化学
4022,含氮化合物,化学
4023,根瘤,化学
4024,亚硝酸盐,化学
4025,硝酸盐,化学
4026,排泄物,化学
4027,遗体,化学
4028,摄食,化学
4029,雷电,化学
4030,豆科植物,化学
4031,歧化,化学
4032,NaNO2,化学
4033,靠拢,化学
4034,可变化合价,化学
4035,氮元素化合价,化学
4036,酸衣,化学
4037,N20,化学
4038,海洋中,化学
4039,离子方程,化学
4040,二氧化氮,化学
4041,一氧化氮,化学
4042,剩,化学
4043,三类,化学
4044,固体气体,化学
4045,发散,化学
4046,有孔塑料板,化学
4047,气体收集装置,化学
4048,处理装置,化学
4049,亚硫,化学
4050,气体性质验证装置,化学
4051,干燥装置,化学
4052,蕊试纸,化学
4053,验证装置,化学
4054,倒流,化学
4055,省,化学
4056,拉出,化学
4057,液封,化学
4058,倾斜,化学
4059,碎瓷片,化学
4060,气体干燥净化装置,化学
4061,图  ,化学
4062,无水氯化钙,化学
4063,固态干燥剂,化学
4064,广口瓶,化学
4065,出水,化学
4066,储气式,化学
4067,集气,化学
4068,灾害,化学
4069,逸散,化学
4070,火灾,化学
4071,尾气处理装置,化学
4072,气球,化学
4073,肚容式,化学
4074,分液式,化学
4075,氧化钙,化学
4076,上下移动,化学
4077,启普发生器,化学
4078,岁一甲,化学
4079,淀粉溶液,化学
4080,Na2SiO3,化学
4081,石英玻璃,化学
4082,炼钢,化学
4083,脱氧,化学
4084,氮化硅,化学
4085,侯氏,化学
4086,普通玻璃,化学
4087,氢硫酸,化学
4088,CaSO3,化学
4089,浓H2SO4,化学
4090,PO4,化学
4091,Cu,化学
4092,⑪Fe,化学
4093,⑫C,化学
4094,Si,化学
4095,HClO,化学
4096,有色气体,化学
4097,褐,化学
4098,紫,化学
4099,黄,化学
4100,黑,化学
4101,棕,化学
4102,BaSO3,化学
4103,两性物质,化学
4104,弱酸弱碱盐,化学
4105,HCO3,化学
4106,ABC,化学
4107,破题,化学
4108,甲丙丁,化学
4109,Y分子,化学
4110,Si元素,化学
4111,CuO,化学
